型ID,件数,保存スタイル,フォント,レイヤー,アニメーション,トラック,長さ中央値,代表（トラック・秒）,代表の文字,一緒に鳴ったSE,一緒の画面効果
T001,471,質問者テロップ,WanpakuRuika-08,テキスト,なし,"{""V5"": 382, ""V6"": 89}",2.03,V6 372.186,それで気持ちよくなってるっていう,"{""ピピ.mp3"": 17, ""cursor1.wav"": 12, ""キーン（ポイント）.wav"": 12, ""【チーン,シュール】チーン.wav"": 6, ""【汎用,鈴】しゃん.wav"": 5, ""【間抜け,アホ】ポカン.wav"": 3, ""【ツッコミ】ドスッ.wav"": 3, ""【間抜け,アホ】ピコンッ.wav"": 3, ""【汎用,鈴】シャーン.wav"": 2}","{""E002"": 14, ""E006"": 3, ""E001"": 3, ""E004"": 3, ""E008"": 2, ""E014"": 1, ""E013"": 1, ""E020"": 1, ""E003"": 1}"
T002,118,みかみテロップ,WanpakuRuika-08,テキスト,なし,"{""V5"": 98, ""V6"": 20}",2.09,V5 53.903,やっぱり解雇ってアメリカが早い,"{""ピピ.mp3"": 10, ""キーン（ポイント）.wav"": 3, ""【ツッコミ】グキッ.wav"": 3, ""【チーン,シュール】チーン.wav"": 2, ""【汎用,鈴】しゃん.wav"": 2, ""【ツッコミ】ドスッ.wav"": 1, ""cursor1.wav"": 1, ""【間抜け,アホ】ピコンッ.wav"": 1, ""【間抜け,アホ】ポカン.wav"": 1, ""【汎用,鈴】シャーン.wav"": 1, ""映えそうな日常.mp3"": 1, ""【汎用,拍子木】キッ.wav"": 1}","{""E002"": 7, ""E004"": 2, ""E007"": 1, ""E009"": 1, ""E010"": 1, ""E005"": 1, ""E003"": 1, ""E019"": 1}"
T003,96,,WanpakuRuika-08,ベクトルモーション > テキスト,なし,"{""V3"": 96}",8.59,V3 25.05,AI時代に消える仕事･消えない仕事,"{""キーン（ポイント）.wav"": 5, ""cursor1.wav"": 3, ""ピピ.mp3"": 2}",{}
T004,24,,WanpakuRuika-08,ベクトルモーション > テキスト,なし,"{""V2"": 24}",12.11,V2 1199.982,自分の業務をAI化する,"{""映えそうな日常.mp3"": 1}","{""E005"": 1}"
T005,17,,WanpakuRuika-08,ベクトルモーション > テキスト,なし,"{""V2"": 17}",8.07,V2 242.265,知識よりも大切なこと,"{""キーン（ポイント）.wav"": 1}",{}
T006,15,強調赤黄,Ruika-09,テキスト,指向性ブラー (レガシー)（ブラーの長さ、0.20秒） + トランスフォーム（位置、0.20秒）,"{""V5"": 9, ""V6"": 4, ""V7"": 1, ""V9"": 1}",2.08,V6 393.834,大事にすることが違う,"{""ピピ.mp3"": 10, ""【汎用,太鼓】太鼓(ドン).wav"": 3, ""【汎用,拍子木】キッ.wav"": 2}","{""E001"": 5}"
T007,13,,WanpakuRuika-08,ベクトルモーション > テキスト,なし,"{""V2"": 13}",4.95,V2 44.58,AI失業の現在地,"{""ピピ.mp3"": 1, ""キーン（ポイント）.wav"": 1}",{}
T008,13,,WanpakuRuika-08,ベクトルモーション > テキスト,なし,"{""V2"": 13}",8.72,V2 512.915,攻めと守りの違い,"{""cursor1.wav"": 3, ""キーン（ポイント）.wav"": 1}",{}
T009,12,,WanpakuRuika-08,ベクトルモーション > テキスト,なし,"{""V2"": 12}",12.93,V2 691.103,職種別AI活用の現実,"{""キーン（ポイント）.wav"": 1}",{}
T010,11,強調赤黄,Ruika-09,テキスト,トランスフォーム（位置、0.37秒）,"{""V5"": 9, ""V6"": 2}",2.1,V5 588.833,0か1かの仕事は 絶対AIが有利,"{""【汎用,太鼓】太鼓(ドン).wav"": 6, ""【汎用,拍子木】キッ.wav"": 5}","{""E001"": 10}"
T011,9,,WanpakuRuika-08,ベクトルモーション > テキスト,なし,"{""V2"": 9}",7.81,V2 905.582,AI時代の生存戦略,"{""キーン（ポイント）.wav"": 1}",{}
T012,9,,WanpakuRuika-08,ベクトルモーション > テキスト,なし,"{""V2"": 9}",11.52,V2 1035.57,上司視点で仕事を変える,"{""ピピ.mp3"": 1}",{}
T013,5,ツッコミ,ReggaeOne-Regular,テキスト,トランスフォーム（位置・スケール (高さ)、0.20秒）,"{""V5"": 3, ""V6"": 2}",1.45,V5 433.828,どうでもいいじゃん,"{""【ツッコミ】グキッ.wav"": 3, ""【ツッコミ】ドスッ.wav"": 2}","{""E001"": 4, ""E017"": 1}"
T014,4,,SourceHanSans-Heavy,ベクトルモーション > テキスト > テキスト > シェイプ,なし,"{""V12"": 4}",5.44,V12 659.181,⬆︎⬆︎⬆︎ / 公式LINEを 登録する！,{},{}
T015,4,みかみテロップ,Ruika-09 WanpakuRuika-08,テキスト,トランスフォーム（位置、0.23秒）,"{""V6"": 3, ""V5"": 1}",1.37,V6 1598.686,コアバリュー診断,"{""【汎用,拍子木】キッ.wav"": 3, ""【汎用,太鼓】太鼓(ドン).wav"": 1}","{""E001"": 4}"
T016,3,強調赤黄,Ruika-09,テキスト,トランスフォーム（位置、0.37秒）,"{""V5"": 2, ""V6"": 1}",2.74,V6 19.563,AI時代で 消える仕事･残る仕事,"{""【汎用,太鼓】太鼓(ドン).wav"": 2, ""【汎用,拍子木】キッ.wav"": 1}","{""E001"": 3}"
T017,3,,SourceHanSans-Heavy,ベクトルモーション > シェイプ > テキスト > テキスト > シェイプ,なし,"{""V11"": 3}",4.4,V11 659.181,⬆︎⬆︎⬆︎ / 1on1個別コンサルは,{},{}
T018,3,,PA1GothicStd-Bold WanpakuRuika-08,ベクトルモーション > テキスト > シェイプ > グループ > テキスト > シェイプ > シェイプ,指向性ブラー (レガシー)（ブラーの長さ、0.20秒） + トランスフォーム（位置、0.20秒）,"{""V6"": 3}",4.52,V6 916.99,生き残るためのステップ① / 7つの習慣,"{""ピピ.mp3"": 3}","{""E001"": 3}"
T019,3,対談用_質問者テロップ,HiraKakuStdN-W8,テキスト,トランスフォーム（位置・不透明度、0.33秒）,"{""V7"": 3}",3.37,V7 937.871,自分の仕事を実際にやらせてみる,"{""キーン（ポイント）.wav"": 3}",{}
T020,3,テキストスタイル,WanpakuRuika-08,テキスト > テキスト,トランスフォーム（位置、0.17秒）,"{""V6"": 2, ""V7"": 1}",5.75,V6 1489.295,ポイント / 周囲から消えると言われても どうしたら消えずに済むか考えるのが大事,"{""キーン（ポイント）.wav"": 3}",{}
T021,3,テキストスタイル,WanpakuRuika-08,テキスト,指向性ブラー (レガシー)（ブラーの長さ、0.20秒） + トランスフォーム（位置、0.20秒）,"{""V5"": 3}",1.87,V5 1605.324,その人の価値観を浮き彫りにする,"{""cursor1.wav"": 3}","{""E001"": 3}"
T022,2,ツッコミ,ReggaeOne-Regular,テキスト,トランスフォーム（位置・スケール (高さ)、0.20秒）,"{""V6"": 2}",1.36,V6 83.757,大事件,"{""【ツッコミ】ドスッ.wav"": 2}","{""E001"": 1, ""E012"": 1}"
T023,2,,WanpakuRuika-08,テキスト > グループ > シェイプ > シェイプ > シェイプ,なし,"{""V6"": 2}",1.25,V6 174.452,AI業界,"{""キーン（ポイント）.wav"": 1}",{}
T024,2,,WanpakuRuika-08,テキスト > グループ > シェイプ > シェイプ > シェイプ,なし,"{""V6"": 2}",3.09,V6 176.37,AI業界,"{""ピピ.mp3"": 2}",{}
T025,2,青背景,WanpakuRuika-08,テキスト > テキスト,トランスフォーム（位置、0.17秒）,"{""V6"": 1, ""V7"": 1}",7.46,V7 261.845,ポイント / 情報自体にはそれほど価値がなく 実際の実務に活用することが大事になる,"{""キーン（ポイント）.wav"": 2}",{}
T026,2,白背景,WanpakuRuika-08,テキスト,指向性ブラー (レガシー)（ブラーの長さ、0.20秒） + トランスフォーム（位置、0.20秒）,"{""V5"": 1, ""V6"": 1}",3.36,V5 525.607,消える仕事と消えない仕事 何が違うのか？,"{""ピピ.mp3"": 2}","{""E001"": 1, ""E003"": 1}"
T027,2,ゴージャス青,NotoSerifJP-Black,テキスト,レンズフレア（光源の位置、2.00秒） + 色かぶり補正（色合いの量、0.30秒） + トランスフォーム（不透明度、0.17秒）,"{""V5"": 2}",1.82,V5 539.9,これは人間より AIの方が強い,"{""【キラッ✨,長い】シャラーーン.wav"": 2}","{""E001"": 2}"
T028,2,強調赤黄,Ruika-09,テキスト,トランスフォーム（位置、0.23秒）,"{""V5"": 2}",1.37,V5 614.034,絶対にAIは必要,"{""【汎用,拍子木】キッ.wav"": 2}","{""E001"": 2}"
T029,2,ゴージャス青,NotoSerifJP-Black,テキスト,色かぶり補正（色合いの量、0.30秒） + トランスフォーム（不透明度、0.17秒） + トランスフォーム（スケール (幅)、0.22秒）,"{""V5"": 2}",1.66,V5 689.602,申し込みお待ちしてます,"{""【キラッ✨,長い】シャラーーン.wav"": 1, ""【キラッ✨,長い】ピラリーーン.wav"": 1}","{""E016"": 1, ""E001"": 1}"
T030,1,青背景,WanpakuRuika-08,テキスト,指向性ブラー (レガシー)（ブラーの長さ、0.20秒） + トランスフォーム（位置、0.20秒）,"{""V5"": 1}",1.52,V5 6.971,なくなるのは,"{""ピピ.mp3"": 1}","{""E001"": 1}"
T031,1,ブラック風_通常テロップ,SourceHanSans-Bold,ベクトルモーション > テキスト,指向性ブラー (レガシー)（ブラーの長さ、0.20秒） + トランスフォーム（位置、0.20秒）,"{""V9"": 1}",4.1,V9 6.971,(AI時代に),"{""ピピ.mp3"": 1}","{""E001"": 1}"
T032,1,青背景,WanpakuRuika-08,テキスト,指向性ブラー (レガシー)（ブラーの長さ、0.20秒） + トランスフォーム（位置、0.20秒）,"{""V5"": 1}",2.59,V5 8.489,なくなるのは守りの仕事,"{""ピロリロ中.mp3"": 1}","{""E021"": 1}"
T033,1,テキストスタイル,WanpakuRuika-08,テキスト,指向性ブラー (レガシー)（ブラーの長さ、0.20秒） + トランスフォーム（位置、0.20秒）,"{""V7"": 1}",0.75,V7 9.323,なくならないのは,"{""ピピ.mp3"": 1}",{}
T034,1,テキストスタイル,WanpakuRuika-08,テキスト,指向性ブラー (レガシー)（ブラーの長さ、0.20秒） + トランスフォーム（位置、0.20秒）,"{""V7"": 1}",1.0,V7 10.074,なくならないのは攻めの仕事,"{""ピロリロ中.mp3"": 1}","{""E022"": 1}"
T035,1,みかみテロップ,WanpakuRuika-08,テキスト,なし,"{""V5"": 1}",3.2,V5 11.074,今 話を聞いて ,{},{}
T036,1,みかみテロップ,WanpakuRuika-08,テキスト,なし,"{""V6"": 1}",2.35,V6 11.925, ぼーっとしてる人が,{},{}
T037,1,シュールテロップ,HiraMinProN-W6,ベクトルモーション > テキスト,なし,"{""V7"": 1}",1.02,V7 13.259, 一番危ない,"{""【ツッコミ】グキッ.wav"": 1}","{""E001"": 1}"
T038,1,,Ruika-09,テキスト,トランスフォーム（位置、0.37秒） + トランスフォーム（スケール・不透明度、0.24秒）,"{""V6"": 1}",3.29,V6 14.276,残り続ける仕事,"{""パチンっ指鳴らし.wav"": 1}",{}
T039,1,ブラック風_通常テロップ,SourceHanSans-Heavy,ベクトルモーション > テキスト,指向性ブラー (レガシー)（ブラーの長さ、0.20秒） + トランスフォーム（位置、0.20秒）,"{""V6"": 1}",3.69,V6 65.294,※Google社の採用率を調べると0.2％でした,"{""ピピ.mp3"": 1}",{}
T040,1,,,ベクトルモーション > シェイプ,指向性ブラー (レガシー)（ブラーの長さ、0.20秒） + トランスフォーム（位置、0.20秒）,"{""V7"": 1}",3.7,V7 99.468,,"{""ピピ.mp3"": 1}",{}
T041,1,基本テロップ赤,WanpakuRuika-08,テキスト,トランスフォーム（スケール (幅)、0.22秒）,"{""V5"": 1}",2.6,V5 119.781, 黒字で会社の業績が良くても…,"{""ピピ.mp3"": 1}",{}
T042,1,,,ベクトルモーション > シェイプ,なし,"{""V6"": 1}",5.24,V6 119.781,,"{""ピピ.mp3"": 1}",{}
T043,1,,,ベクトルモーション,なし,"{""V7"": 1}",2.6,V7 119.781,,"{""ピピ.mp3"": 1}",{}
T044,1,,,ベクトルモーション,なし,"{""V7"": 1}",2.64,V7 122.383,,"{""【ツッコミ】グキッ.wav"": 1}",{}
T045,1,質問者テロップ,WanpakuRuika-08,テキスト,トランスフォーム（位置、0.07秒）,"{""V6"": 1}",2.49,V6 125.018,実際失業してる人たちって いるんですかね?,{},{}
T046,1,,WanpakuRuika-08,テキスト > テキスト,トランスフォーム（位置、0.17秒）,"{""V7"": 1}",5.99,V7 127.503,ポイント / 日本では法律で被雇用者が守られている為 失業しにくい,"{""ピピ.mp3"": 1}",{}
T047,1,,WanpakuRuika-08,ベクトルモーション > テキスト,指向性ブラー (レガシー)（ブラーの長さ、0.20秒） + トランスフォーム（位置、0.20秒）,"{""V7"": 1}",2.54,V7 177.988,個人開発者,"{""cursor1.wav"": 1}",{}
T048,1,テキストスタイル,WanpakuRuika-08,ベクトルモーション > テキスト > テキスト > テキスト,なし,"{""V7"": 1}",2.6,V7 180.523,最先端 / 　↑ / 個人開発者,"{""ピピ.mp3"": 1}",{}
T049,1,,WanpakuRuika-08,グループ > シェイプ > テキスト > グループ > シェイプ > シェイプ > シェイプ,なし,"{""V6"": 1}",9.11,V6 183.124,AI業界,"{""cursor1.wav"": 1}",{}
T050,1,,WanpakuRuika-08,ベクトルモーション > テキスト,指向性ブラー (レガシー)（ブラーの長さ、0.20秒） + トランスフォーム（位置、0.20秒）,"{""V7"": 1}",9.11,V7 183.124,スタートアップ企業,"{""cursor1.wav"": 1}",{}
T051,1,,WanpakuRuika-08,ベクトルモーション > テキスト,トランスフォーム（位置、0.33秒）,"{""V8"": 1}",2.99,V8 189.245,AIネイティブ,"{""ピピ.mp3"": 1}",{}
T052,1,,WanpakuRuika-08,テキスト > グループ > シェイプ > シェイプ > シェイプ,なし,"{""V6"": 1}",2.35,V6 192.231,AI業界,"{""cursor1.wav"": 1}",{}
T053,1,,WanpakuRuika-08,ベクトルモーション > テキスト,指向性ブラー (レガシー)（ブラーの長さ、0.20秒） + トランスフォーム（位置、0.20秒）,"{""V7"": 1}",2.35,V7 192.231,中小企業,"{""cursor1.wav"": 1}",{}
T054,1,,WanpakuRuika-08,テキスト > グループ > シェイプ > シェイプ > シェイプ,なし,"{""V6"": 1}",2.85,V6 194.582,AI業界,"{""cursor1.wav"": 1}",{}
T055,1,,WanpakuRuika-08,ベクトルモーション > テキスト,なし,"{""V7"": 1}",0.88,V7 194.582,中小企業,"{""cursor1.wav"": 1}",{}
T056,1,,WanpakuRuika-08,ベクトルモーション > テキスト,指向性ブラー (レガシー)（ブラーの長さ、0.20秒） + トランスフォーム（位置、0.20秒）,"{""V8"": 1}",8.74,V8 194.582,大手企業,"{""cursor1.wav"": 1}",{}
T057,1,,WanpakuRuika-08,ベクトルモーション > テキスト,なし,"{""V7"": 1}",7.86,V7 195.466,中小企業,{},{}
T058,1,,WanpakuRuika-08,テキスト > グループ > シェイプ > シェイプ > シェイプ,なし,"{""V6"": 1}",5.89,V6 197.434,AI業界,"{""【ツッコミ】ドスッ.wav"": 1}",{}
T059,1,,WanpakuRuika-08,テキスト > シェイプ > テキスト > グループ > シェイプ > シェイプ > シェイプ,なし,"{""V6"": 1}",3.85,V6 203.321,多くの人 / AI業界,"{""cursor1.wav"": 1}",{}
T060,1,,WanpakuRuika-08,テキスト > グループ > シェイプ > シェイプ > シェイプ,なし,"{""V6"": 1}",1.1,V6 212.127,AI業界,"{""cursor1.wav"": 1}",{}
T061,1,テキストスタイル,WanpakuRuika-08,テキスト > テキスト > グループ > シェイプ > シェイプ > シェイプ,なし,"{""V6"": 1}",8.94,V6 213.228,最先端 / AI業界,"{""ピピ.mp3"": 1}",{}
T062,1,青背景,WanpakuRuika-08,ベクトルモーション > テキスト,指向性ブラー (レガシー)（ブラーの長さ、0.20秒） + トランスフォーム（位置、0.20秒）,"{""V10"": 1}",2.27,V10 219.899,↑↑↑ 相当頑張ってる,"{""キーン（ポイント）.wav"": 1}",{}
T063,1,みかみテロップ,WanpakuRuika-08,テキスト,指向性ブラー (レガシー)（ブラーの長さ、0.40秒） + トランスフォーム（位置、0.40秒）,"{""V5"": 1}",4.52,V5 222.168,100人以上の組織体で AIネイティブランキングってやるじゃん,{},{}
T064,1,ゴージャス金,Ruika-09,テキスト,プロセスアンプ（明度、0.43秒） + ブラー (ガウス) (レガシ)（ブラー、0.43秒） + トランスフォーム（スケール (高さ)、0.37秒）,"{""V5"": 1}",3.77,V5 238.495,AI活用の一次情報を 発信できるのがうちの強み,"{""【キラッ✨,長い】シャラーーン.wav"": 1}","{""E011"": 1}"
T065,1,みかみテロップ,WanpakuRuika-08,テキスト,なし,"{""V5"": 1}",1.1,V5 244.566,そうそうそうそう,{},{}
T066,1,みかみテロップ,WanpakuRuika-08,テキスト,なし,"{""V5"": 1}",1.98,V5 258.292,なんかミスってたら,{},{}
T067,1,白テキ,Ruika-09,テキスト,なし,"{""V5"": 1}",3.55,V5 280.374,絡み方ウザっ…,"{""【ツッコミ】ドスッ.wav"": 1}","{""E001"": 1}"
T068,1,青背景,WanpakuRuika-08,テキスト > テキスト,トランスフォーム（位置、0.17秒）,"{""V7"": 1}",8.64,V7 286.561,ポイント / AIの進化に焦りつつ情報だけ取って安心し 実際には実務に活かせず稼げてない状態,"{""キーン（ポイント）.wav"": 1}",{}
T069,1,みかみテロップ,WanpakuRuika-08,テキスト,なし,"{""V5"": 1}",1.8,V5 297.402,なんかそういう人たちって,{},{}
T070,1,青背景,WanpakuRuika-08,テキスト,指向性ブラー (レガシー)（ブラーの長さ、0.20秒） + トランスフォーム（位置、0.20秒）,"{""V7"": 1}",3.77,V7 308.343,頑張ってるつもり,"{""ピピ.mp3"": 1}","{""E003"": 1}"
T071,1,赤背景,WanpakuRuika-08,テキスト,指向性ブラー (レガシー)（ブラーの長さ、0.20秒） + トランスフォーム（位置、0.20秒）,"{""V8"": 1}",2.08,V8 310.027,正しく頑張る,"{""ピピ.mp3"": 1}",{}
T072,1,ツッコミ,ReggaeOne-Regular,テキスト,トランスフォーム（位置・スケール (高さ)、0.20秒）,"{""V9"": 1}",0.8,V9 311.312,全然違う,"{""【ツッコミ】ドスッ.wav"": 1}",{}
T073,1,青背景,WanpakuRuika-08,テキスト > テキスト,トランスフォーム（位置、0.17秒）,"{""V7"": 1}",9.21,V7 395.619,ポイント / AIを使うことは仕事に深く根ざしていて 実務をうまくやることに帰結する,"{""キーン（ポイント）.wav"": 1}",{}
T074,1,白背景,WanpakuRuika-08,テキスト,指向性ブラー (レガシー)（ブラーの長さ、0.20秒） + トランスフォーム（位置、0.20秒）,"{""V5"": 1}",4.24,V5 413.448,その研究なんの役に立つん？,"{""ピピ.mp3"": 1}",{}
T075,1,青背景,WanpakuRuika-08,テキスト,トランスフォーム（位置・不透明度、0.10秒）,"{""V6"": 1}",5.87,V6 492.785,↑Microsoftの大量解雇の記事↑,"{""cursor1.wav"": 1}","{""E003"": 1}"
T076,1,テキストスタイル,WanpakuRuika-08,テキスト > テキスト,トランスフォーム（位置、0.17秒）,"{""V6"": 1}",6.57,V6 512.915,ポイント / ちゃんとAI化できる仕事と まだAI化するのが難しい仕事の2種類ある,"{""cursor1.wav"": 1}",{}
T077,1,青背景,WanpakuRuika-08,テキスト,指向性ブラー (レガシー)（ブラーの長さ、0.20秒） + トランスフォーム（位置、0.20秒）,"{""V6"": 1}",3.25,V6 529.91,守りの仕事,"{""キーン（ポイント）.wav"": 1}",{}
T078,1,,WanpakuRuika-08,テキスト,指向性ブラー (レガシー)（ブラーの長さ、0.20秒） + トランスフォーム（位置、0.20秒）,"{""V7"": 1}",1.77,V7 531.394,攻めの仕事,"{""キーン（ポイント）.wav"": 1}",{}
T079,1,みかみテロップ,WanpakuRuika-08,テキスト,なし,"{""V5"": 1}",4.65,V5 549.94,やってみないとわからない領域は ,{},{}
T080,1,みかみテロップ,WanpakuRuika-08,テキスト,なし,"{""V5"": 1}",4.47,V5 563.316,おもろいかな成分が大きい仕事は,{},"{""E001"": 1}"
T081,1,青背景,WanpakuRuika-08,ベクトルモーション > テキスト,指向性ブラー (レガシー)（ブラーの長さ、0.20秒） + トランスフォーム（位置、0.20秒）,"{""V5"": 1}",11.59,V5 573.857, 朝ちゃんと来ましょう,"{""ピピ.mp3"": 1}","{""E015"": 1}"
T082,1,青背景,WanpakuRuika-08,ベクトルモーション > テキスト,指向性ブラー (レガシー)（ブラーの長さ、0.20秒） + トランスフォーム（位置、0.20秒）,"{""V6"": 1}",8.39,V6 577.059, みんなタスク出した？,"{""ピピ.mp3"": 1}",{}
T083,1,青背景,WanpakuRuika-08,ベクトルモーション > テキスト,指向性ブラー (レガシー)（ブラーの長さ、0.20秒） + トランスフォーム（位置、0.20秒）,"{""V7"": 1}",6.92,V7 578.526,目標に対しての進捗報告した?,"{""ピピ.mp3"": 1}",{}
T084,1,青背景,WanpakuRuika-08,ベクトルモーション > テキスト,指向性ブラー (レガシー)（ブラーの長さ、0.20秒） + トランスフォーム（位置、0.20秒）,"{""V8"": 1}",3.92,V8 581.529,目標に対しての計測できてる?,"{""ピピ.mp3"": 1}",{}
T085,1,テキストスタイル,WanpakuRuika-08,テキスト > テキスト,トランスフォーム（位置、0.17秒）,"{""V6"": 1}",2.62,V6 652.71,ポイント / 自分の状況を明確にし、今後何をすべきか 今決め切っておくことが重要,"{""キーン（ポイント）.wav"": 1}","{""E001"": 1}"
T086,1,白背景,WanpakuRuika-08,ベクトルモーション > テキスト,指向性ブラー (レガシー)（ブラーの長さ、0.20秒） + トランスフォーム（位置、0.20秒）,"{""V5"": 1}",4.09,V5 663.584,今どんな状況なのか,"{""ピピ.mp3"": 1}","{""E001"": 1}"
T087,1,白背景,WanpakuRuika-08,ベクトルモーション > テキスト,指向性ブラー (レガシー)（ブラーの長さ、0.20秒） + トランスフォーム（位置、0.20秒）,"{""V6"": 1}",3.07,V6 664.602, あなたはどういう状況なのか,"{""ピピ.mp3"": 1}",{}
T088,1,青背景,WanpakuRuika-08,テキスト,指向性ブラー (レガシー)（ブラーの長さ、0.20秒） + トランスフォーム（位置、0.20秒）,"{""V7"": 1}",5.04,V7 679.378,AI情報だけを追う,"{""ピピ.mp3"": 1}","{""E003"": 1}"
T089,1,赤背景,WanpakuRuika-08,テキスト,指向性ブラー (レガシー)（ブラーの長さ、0.20秒） + トランスフォーム（位置、0.20秒）,"{""V8"": 1}",5.04,V8 679.378,実務で使える AIを学ぶ,"{""ピピ.mp3"": 1}","{""E003"": 1}"
T090,1,強調赤黄,Ruika-09,テキスト,トランスフォーム（位置、0.23秒）,"{""V9"": 1}",1.28,V9 683.131,←瀬戸際にいる,"{""【汎用,拍子木】キッ.wav"": 1}",{}
T091,1,,WanpakuRuika-08,テキスト > テキスト,トランスフォーム（位置、0.17秒）,"{""V6"": 1}",2.62,V6 710.7,ポイント / アドネス株式会社では様々な業務をAI化し 日々チャレンジし続けている,"{""キーン（ポイント）.wav"": 1}",{}
T092,1,青背景,WanpakuRuika-08,テキスト,指向性ブラー (レガシー)（ブラーの長さ、0.20秒） + トランスフォーム（位置、0.20秒）,"{""V5"": 1}",4.1,V5 717.121,なくなるのは守りの仕事,"{""ピピ.mp3"": 1}","{""E001"": 1}"
T093,1,ブラック風_通常テロップ,SourceHanSans-Bold,テキスト,なし,"{""V5"": 1}",2.33,V5 734.849,今のこの経理システムの中で,"{""キーン（ポイント）.wav"": 1}","{""E006"": 1}"
T094,1,,WanpakuRuika-08,ベクトルモーション > テキスト,トランスフォーム（位置、0.33秒）,"{""V6"": 1}",10.77,V6 734.849,経理担当,"{""キーン（ポイント）.wav"": 1}","{""E006"": 1}"
T095,1,ブラック風_通常テロップ,SourceHanSans-Bold,テキスト,なし,"{""V5"": 1}",2.22,V5 737.184,穴が生まれる部分ってここですよね,{},{}
T096,1,ブラック風_通常テロップ,SourceHanSans-Bold,テキスト,なし,"{""V5"": 1}",0.92,V5 739.402,だからここって実は,{},{}
T097,1,ブラック風_通常テロップ,SourceHanSans-Bold,テキスト,なし,"{""V5"": 1}",2.17,V5 740.32,もうちょっとルール化した方が,{},{}
T098,1,ブラック風_通常テロップ,SourceHanSans-Bold,テキスト,なし,"{""V5"": 1}",1.35,V5 742.488,社全体としてきっちりなって,{},{}
T099,1,ブラック風_通常テロップ,SourceHanSans-Bold,テキスト,なし,"{""V5"": 1}",1.78,V5 743.839, いいんじゃないですか?,{},{}
T100,1,みかみテロップ,WanpakuRuika-08,テキスト,なし,"{""V5"": 1}",3.2,V5 753.028,ただの経理で登録するだけの作業は ,{},{}
T101,1,白背景,WanpakuRuika-08,テキスト,指向性ブラー (レガシー)（ブラーの長さ、0.20秒） + トランスフォーム（位置、0.20秒）,"{""V5"": 1}",3.8,V5 793.039,出すの忘れるのを 防ぐ仕組みを考えないと!,"{""ピピ.mp3"": 1}","{""E001"": 1}"
T102,1,白背景,WanpakuRuika-08,ベクトルモーション > テキスト,指向性ブラー (レガシー)（ブラーの長さ、0.20秒） + トランスフォーム（位置、0.20秒）,"{""V6"": 1}",4.94,V6 835.134,そもそもこれを経費計上してる 状況がおかしくない?,"{""ピピ.mp3"": 1}","{""E001"": 1}"
T103,1,,WanpakuRuika-08,ベクトルモーション > テキスト,トランスフォーム（位置、0.33秒） + トランスフォーム（位置、0.33秒）,"{""V7"": 1}",4.94,V7 835.134,攻めの経理担当,"{""ピピ.mp3"": 1}","{""E001"": 1}"
T104,1,青背景,WanpakuRuika-08,テキスト,指向性ブラー (レガシー)（ブラーの長さ、0.20秒） + トランスフォーム（位置、0.20秒）,"{""V5"": 1}",3.34,V5 890.005, 消える仕事の本質→守り ,"{""ピピ.mp3"": 1}","{""E001"": 1}"
T105,1,みかみテロップ,WanpakuRuika-08,ベクトルモーション > テキスト > シェイプ > テキスト,トランスフォーム（位置、0.33秒）,"{""V6"": 1}",2.77,V6 902.813,ポイント / 業務における守りの部分を 自分がやらずに,"{""cursor1.wav"": 1}",{}
T106,1,,,シェイプ,なし,"{""V5"": 1}",24.75,V5 943.408,,"{""ピピ.mp3"": 1}","{""E003"": 1}"
T107,1,白背景,WanpakuRuika-08,テキスト,指向性ブラー (レガシー)（ブラーの長さ、0.20秒） + トランスフォーム（位置、0.20秒）,"{""V5"": 1}",1.55,V5 1085.071,なんでこんなこと やんなきゃいけないんだよ…,"{""ピピ.mp3"": 1}",{}
T108,1,白背景,WanpakuRuika-08,ベクトルモーション > テキスト,指向性ブラー (レガシー)（ブラーの長さ、0.20秒） + トランスフォーム（位置、0.20秒）,"{""V5"": 1}",1.8,V5 1087.222,上司はどんなことが したいんだろう?,"{""ピピ.mp3"": 1}",{}
T109,1,白背景,WanpakuRuika-08,テキスト,指向性ブラー (レガシー)（ブラーの長さ、0.20秒） + トランスフォーム（位置、0.20秒）,"{""V5"": 1}",1.7,V5 1090.558,なんで俺がこんな目に 合ってるんだよ,"{""キーン（ポイント）.wav"": 1}",{}
T110,1,白背景,WanpakuRuika-08,テキスト,指向性ブラー (レガシー)（ブラーの長さ、0.20秒） + トランスフォーム（位置、0.20秒）,"{""V5"": 1}",2.47,V5 1092.259,どうやったら 俺はもっと楽になれるんだ,"{""キーン（ポイント）.wav"": 1}",{}
T111,1,テキストスタイル,WanpakuRuika-08,テキスト,指向性ブラー (レガシー)（ブラーの長さ、0.20秒） + トランスフォーム（位置、0.20秒）,"{""V6"": 1}",2.43,V6 1136.973,賛否両論意見が食い違うので コメントで教えてほしい!,"{""キーン（ポイント）.wav"": 1}",{}
T112,1,白背景,WanpakuRuika-08,テキスト,指向性ブラー (レガシー)（ブラーの長さ、0.20秒） + トランスフォーム（位置、0.20秒）,"{""V5"": 1}",1.97,V5 1154.501,嫌だよね めんどくさいよね,"{""ピピ.mp3"": 1}",{}
T113,1,,WanpakuRuika-08,テキスト > テキスト,トランスフォーム（位置、0.17秒）,"{""V6"": 1}",3.67,V6 1172.664,プロンプト / 上司の視点を取得したいんだけど なんでこんなことやらせれてるんだろう,"{""キーン（ポイント）.wav"": 1}",{}
T114,1,白背景,WanpakuRuika-08,テキスト,指向性ブラー (レガシー)（ブラーの長さ、0.20秒） + トランスフォーム（位置、0.20秒）,"{""V5"": 1}",4.04,V5 1258.655,田舎の方でAIで資料作れますよ,"{""cursor1.wav"": 1}",{}
T115,1,白背景,WanpakuRuika-08,テキスト,指向性ブラー (レガシー)（ブラーの長さ、0.20秒） + トランスフォーム（位置、0.20秒）,"{""V6"": 1}",2.35,V6 1260.34, AIでチラシ作りましょうか,"{""cursor1.wav"": 1}",{}
T116,1,みかみテロップ,WanpakuRuika-08,テキスト,なし,"{""V5"": 1}",5.39,V5 1316.811,やってく中で ,{},{}
T117,1,白背景,WanpakuRuika-08,テキスト,なし,"{""V6"": 1}",4.3,V6 1317.896, 残る部分,"{""ピピ.mp3"": 1}",{}
T118,1,白背景,WanpakuRuika-08,テキスト,なし,"{""V7"": 1}",2.9,V7 1319.297,残らない部分,"{""ピピ.mp3"": 1}",{}
T119,1,赤背景,WanpakuRuika-08,テキスト,なし,"{""V8"": 1}",1.15,V8 1321.048,わかるようになる,"{""cursor1.wav"": 1}",{}
T120,1,テキストスタイル,WanpakuRuika-08,テキスト > テキスト,トランスフォーム（位置、0.17秒）,"{""V6"": 1}",6.9,V6 1342.162,ポイント / 消えるとされていても攻めができて 改善できたら消えることはない,"{""キーン（ポイント）.wav"": 1}",{}
T121,1,テキストスタイル,,テキスト,なし,"{""V5"": 1}",2.77,V5 1365.128,,"{""ピピ.mp3"": 1}","{""E018"": 1}"
T122,1,,WanpakuRuika-08,ベクトルモーション > テキスト > テキスト,トランスフォーム（位置、0.17秒）,"{""V7"": 1}",4.15,V7 1365.128,孫子の兵法 / 彼を知り己を知れば百戦殆うからず,"{""ピピ.mp3"": 1}","{""E018"": 1}"
T123,1,ゴージャス青,NotoSerifJP-Black,テキスト,トランスフォーム（スケール (幅)、0.22秒） + 色かぶり補正（色合いの量、0.30秒） + トランスフォーム（不透明度、0.17秒）,"{""V5"": 1}",1.4,V5 1543.899,おすすめ,"{""【キラッ✨,長い】シャラーーン.wav"": 1}","{""E001"": 1}"
T124,1,白背景,WanpakuRuika-08,テキスト,指向性ブラー (レガシー)（ブラーの長さ、0.20秒） + トランスフォーム（位置、0.20秒）,"{""V5"": 1}",0.97,V5 1579.807,じゃあどうすればいいの？,"{""キーン（ポイント）.wav"": 1}",{}
T125,1,みかみテロップ,WanpakuRuika-08,テキスト,なし,"{""V5"": 1}",2.9,V5 1622.669,この3部作を順番に受けると ,{},{}
T126,1,ゴージャス金,Ruika-09,テキスト,色かぶり補正（色合いの量、0.30秒） + トランスフォーム（不透明度、0.17秒） + トランスフォーム（スケール (幅)、0.22秒）,"{""V5"": 1}",2.5,V5 1637.93,人類のためにやってる,"{""【キラッ✨,長い】シャラーーン.wav"": 1}","{""E001"": 1}"
T127,1,,SourceHanSans-Heavy,ベクトルモーション > シェイプ > テキスト > テキスト > シェイプ,なし,"{""V11"": 1}",6.47,V11 1643.25,⬆︎⬆︎⬆︎ / とメッセージしてね,{},{}
T128,1,ゴージャス青,NotoSerifJP-Black,テキスト,色かぶり補正（色合いの量、0.30秒） + トランスフォーム（不透明度、0.17秒）,"{""V5"": 1}",2.18,V5 1659.011,AIがあなたを 言語化してくれる,"{""【キラッ✨,長い】シャラーーン.wav"": 1}","{""E001"": 1}"
