違い（0〜255の平均）	v003	v002	メモ
122.96	3135_ディゾルブ途中_V5.png	1819_ディゾルブ途中_V5.png	
65.28	1038_ディゾルブ途中_V5.png	1819_ディゾルブ途中_V5.png	
29.59	0347_代弁1.png	0351_代弁1.png	
9.94	3329_強調_感情_P05_1687.png	3333_強調_感情_P05_1687.png	
8.05	0005_ハイライト_5.8.png	0005_ハイライト_5.8.png	
8.04	0005_ハイライト_5.0.png	0005_ハイライト_5.0.png	
7.86	0003_ハイライト_3.5.png	0003_ハイライト_3.5.png	
7.86	0233_強調_意味_P01_75.png	0233_強調_意味_P01_75.png	
6.42	0441_切り替え1_前.png	0445_切り替え1_前.png	
5.51	0006_ハイライト_6.4.png	0006_ハイライト_6.4.png	
5.09	0646_画面と札2.png	0650_画面と札2.png	
4.85	0701_強調_感情_P05_413.png	0705_強調_感情_P05_413.png	
3.62	0452_動く図解Z2_出だし.png	0456_動く図解Z2_出だし.png	
3.54	0951_動く図解Z3_出だし.png	0955_動く図解Z3_出だし.png	
3.48	1729_画面と札7.png	1733_画面と札7.png	
3.39	0020_ディゾルブ途中_V8_タイトル.png	0020_ディゾルブ途中_V8_タイトル.png	
3.39	0020_ディゾルブ途中_V9_タイトル.png	0020_ディゾルブ途中_V9_タイトル.png	
2.9	3232_問い38_1656p1.png	3236_問い38_1656p1.png	
2.57	0232_動く図解Z1_後.png	0232_動く図解Z1_後.png	
2.43	0327_問い05_157p1.png	0331_問い05_157p1.png	
2.01	1648_問い24_1105p1.png	1653_問い24_1105p1.png	
1.84	2243_強調_感情_P06_1352.png	2248_強調_感情_P06_1352.png	
1.63	3411_画面と札13.png	3415_画面と札13.png	
1.55	2700_強調_感情_P05_1552.png	2704_強調_感情_P05_1552.png	
1.5	2700_画面と札10.png	2704_画面と札10.png	
1.45	3134_説明_977p1.png	3138_説明_977p1.png	
1.32	2546_画面と札9.png	2550_画面と札9.png	
1.21	2522_問い32_1487.png	2527_問い32_1487.png	
1.13	3003_並列18_898p1.png	3007_並列18_898p1.png	
1.07	3131_強調_意味_P08_958p1.png	3135_強調_意味_P08_958p1.png	
1.02	1814_ディゾルブ途中_V5.png	1819_ディゾルブ途中_V5.png	
1.0	0441_切り替え1_後.png	0445_切り替え1_後.png	
1.0	0442_画面と札1.png	0446_画面と札1.png	
0.99	1403_強調_意味_P02_716.png	1407_強調_意味_P02_716.png	
0.88	1227_画面と札5.png	1231_画面と札5.png	
0.78	1522_切り替え3_後.png	1526_切り替え3_後.png	
0.76	0557_強調_意味_P08_349.png	0601_強調_意味_P08_349.png	
0.76	3417_並列39_1757.png	3421_並列39_1757.png	
0.74	2250_強調_意味_P01_1358.png	2254_強調_意味_P01_1358.png	
0.72	2248_強調_感情_P05_1355.png	2252_強調_感情_P05_1355.png	
0.7	2917_強調_意味_P01_853p1.png	2921_強調_意味_P01_853p1.png	
0.64	2234_画面と札8.png	2238_画面と札8.png	
0.62	1912_強調_意味_P08_1199.png	1916_強調_意味_P08_1199.png	
0.6	0608_並列07_356.png	0612_並列07_356.png	
0.6	1703_強調_意味_P08_1114.png	1707_強調_意味_P08_1114.png	
0.55	2850_切り替え5_後.png	2854_切り替え5_後.png	
0.49	2744_動く図解Z7_f0960.png	2749_動く図解Z7_f0960.png	
0.46	0905_切り替え2_後.png	0909_切り替え2_後.png	
0.46	1014_動く図解Z3_後.png	1018_動く図解Z3_後.png	
0.45	0859_強調_意味_P01_512p1.png	0903_強調_意味_P01_512p1.png	
0.43	0020_右上タイトル_最初の頃.png	0020_右上タイトル_最初の頃.png	
0.42	0007_ハイライト_7.0.png	0007_ハイライト_7.0.png	
0.42	0007_ハイライト_7.6.png	0007_ハイライト_7.6.png	
0.42	0014_ハイライト_14.5.png	0014_ハイライト_14.5.png	
0.42	1223_強調_意味_P08_648.png	1227_強調_意味_P08_648.png	
0.42	2505_強調_意味_P08_1472.png	2509_強調_意味_P08_1472.png	
0.4	1318_並列13_683.png	1322_並列13_683.png	
0.39	1121_画面と札4.png	1125_画面と札4.png	
0.39	1143_並列10_619.png	1147_並列10_619.png	
0.39	1446_並列16_766.png	1451_並列16_766.png	
0.38	3046_画面と札12.png	3050_画面と札12.png	
0.36	0906_画面と札3.png	0910_画面と札3.png	
0.36	3040_強調_意味_P08_925p1.png	3044_強調_意味_P08_925p1.png	
0.35	0015_ハイライト_15.5.png	0015_ハイライト_15.5.png	
0.33	1200_並列11_627.png	1204_並列11_627.png	
0.32	0002_ハイライト_2.0.png	0002_ハイライト_2.0.png	
0.3	0730_強調_意味_P01_428p2.png	0734_強調_意味_P01_428p2.png	
0.3	1249_並列12_662.png	1253_並列12_662.png	
0.28	0933_強調_意味_P01_536.png	0937_強調_意味_P01_536.png	
0.28	0939_強調_意味_P08_546.png	0943_強調_意味_P08_546.png	
0.26	0018_ハイライト_18.6.png	0018_ハイライト_18.6.png	
0.26	0720_強調_意味_P08_424.png	0725_強調_意味_P08_424.png	
0.25	0013_ハイライト_13.5.png	0013_ハイライト_13.5.png	
0.25	1628_強調_感情_P07_1095.png	1632_強調_感情_P07_1095.png	
0.22	0012_ハイライト_12.5.png	0012_ハイライト_12.5.png	
0.22	0928_並列09_527.png	0932_並列09_527.png	
0.22	3054_並列20_927p2.png	3058_並列20_927p2.png	
0.21	0911_強調_意味_P08_525.png	0915_強調_意味_P08_525.png	
0.21	1252_強調_意味_P08_666.png	1256_強調_意味_P08_666.png	
0.17	0017_ハイライト_17.5.png	0017_ハイライト_17.5.png	
0.08	2912_並列17_848.png	2917_並列17_848.png	
0.08	2913_画面と札11.png	2917_画面と札11.png	
0.0	0000_ハイライト_0.6.png	0000_ハイライト_0.6.png	
0.0	0008_ハイライト_8.5.png	0008_ハイライト_8.5.png	
0.0	0009_ハイライト_9.5.png	0009_ハイライト_9.5.png	
0.0	0010_ハイライト_10.5.png	0010_ハイライト_10.5.png	
0.0	0011_ハイライト_11.5.png	0011_ハイライト_11.5.png	
0.0	0016_ハイライト_16.5.png	0016_ハイライト_16.5.png	
0.0	0018_挨拶_白から戻る途中.png	0018_挨拶_白から戻る途中.png	
0.0	0019_挨拶_後.png	0019_挨拶_後.png	
0.0	0020_強調_意味_P08_3.png	0020_強調_意味_P08_3.png	
0.0	0025_問い01_9.png	0025_問い01_9.png	
0.0	0052_ズーム1_125.png	0052_ズーム1_125.png	
0.0	0052_強調_意味_P01_25.png	0052_強調_意味_P01_25.png	
0.0	0101_強調_意味_P06_30.png	0101_強調_意味_P06_30.png	
0.0	0107_並列画像02_32.png	0107_並列画像02_32.png	
0.0	0126_G1_f2598_カット前.png	0126_G1_f2598_カット前.png	
0.0	0126_G1_f2598_カット後.png	0126_G1_f2598_カット後.png	
0.0	0126_G1_f2600_強調の前_51.png	0126_G1_f2600_強調の前_51.png	
0.0	0126_G1_f2600_強調の頭_51.png	0126_G1_f2600_強調の頭_51.png	
0.0	0127_強調_感情_P04_51.png	0127_強調_感情_P04_51.png	
0.0	0129_G1_f2670_カット前.png	0129_G1_f2670_カット前.png	
0.0	0129_G1_f2670_カット後.png	0129_G1_f2670_カット後.png	
0.0	0144_強調_感情_P06_60.png	0144_強調_感情_P06_60.png	
0.0	0145_G1_f3172_カット前.png	0145_G1_f3172_カット前.png	
0.0	0145_G1_f3172_カット後.png	0145_G1_f3172_カット後.png	
0.0	0146_並列03_54.png	0146_並列03_54.png	
0.0	0149_強調_感情_P05_133.png	0149_強調_感情_P05_133.png	
0.0	0217_動く図解Z1_f0008.png	0217_動く図解Z1_f0008.png	
0.0	0217_動く図解Z1_出だし.png	0217_動く図解Z1_出だし.png	
0.0	0219_動く図解Z1_f0060.png	0219_動く図解Z1_f0060.png	
0.0	0220_動く図解Z1_f0086.png	0220_動く図解Z1_f0086.png	
0.0	0221_動く図解Z1_f0120.png	0221_動く図解Z1_f0120.png	
0.0	0222_動く図解Z1_f0160.png	0222_動く図解Z1_f0160.png	
0.0	0223_動く図解Z1_f0180.png	0223_動く図解Z1_f0180.png	
0.0	0224_動く図解Z1_f0213.png	0224_動く図解Z1_f0213.png	
0.0	0224_動く図解Z1_f0232.png	0224_動く図解Z1_f0232.png	
0.0	0225_動く図解Z1_f0244.png	0225_動く図解Z1_f0244.png	
0.0	0227_動く図解Z1_f0297.png	0227_動く図解Z1_f0297.png	
0.0	0227_動く図解Z1_f0300.png	0227_動く図解Z1_f0300.png	
0.0	0228_動く図解Z1_f0340.png	0228_動く図解Z1_f0340.png	
0.0	0229_動く図解Z1_f0370.png	0229_動く図解Z1_f0370.png	
0.0	0231_動く図解Z1_f0415.png	0231_動く図解Z1_f0415.png	
0.0	0231_動く図解Z1_f0420.png	0231_動く図解Z1_f0420.png	
0.0	0232_動く図解Z1_f0456.png	0232_動く図解Z1_f0456.png	
0.0	0232_動く図解Z1_最後.png	0232_動く図解Z1_最後.png	
0.0	0242_ボード1_T028.png	0242_ボード1_T028.png	
0.0	0247_問い04_86.png	0247_問い04_86.png	
0.0	0300_強調_意味_P08_94.png	0300_強調_意味_P08_94.png	
0.0	0309_強調_意味_P01_144.png	0313_強調_意味_P01_144.png	
0.0	0322_強調_意味_P08_155.png	0326_強調_意味_P08_155.png	
0.0	0351_強調_感情_P04_173.png	0355_強調_感情_P04_173.png	
0.0	0356_問い06_176.png	0400_問い06_176.png	
0.0	0452_動く図解Z2_f0008.png	0456_動く図解Z2_f0008.png	
0.0	0452_動く図解Z2_f0010.png	0456_動く図解Z2_f0010.png	
0.0	0453_動く図解Z2_f0031.png	0457_動く図解Z2_f0031.png	
0.0	0453_動く図解Z2_f0034.png	0457_動く図解Z2_f0034.png	
0.0	0453_動く図解Z2_f0037.png	0457_動く図解Z2_f0037.png	
0.0	0453_動く図解Z2_f0040.png	0457_動く図解Z2_f0040.png	
0.0	0454_動く図解Z2_f0071.png	0458_動く図解Z2_f0071.png	
0.0	0455_動く図解Z2_f0098.png	0459_動く図解Z2_f0098.png	
0.0	0456_動く図解Z2_f0127.png	0500_動く図解Z2_f0127.png	
0.0	0459_動く図解Z2_f0214.png	0503_動く図解Z2_f0214.png	
0.0	0500_動く図解Z2_f0244.png	0504_動く図解Z2_f0244.png	
0.0	0502_動く図解Z2_f0300.png	0506_動く図解Z2_f0300.png	
0.0	0503_動く図解Z2_f0329.png	0507_動く図解Z2_f0329.png	
0.0	0504_動く図解Z2_f0359.png	0508_動く図解Z2_f0359.png	
0.0	0504_動く図解Z2_f0360.png	0508_動く図解Z2_f0360.png	
0.0	0507_動く図解Z2_f0466.png	0511_動く図解Z2_f0466.png	
0.0	0507_動く図解Z2_f0470.png	0511_動く図解Z2_f0470.png	
0.0	0510_動く図解Z2_f0549.png	0514_動く図解Z2_f0549.png	
0.0	0510_動く図解Z2_f0560.png	0514_動く図解Z2_f0560.png	
0.0	0512_動く図解Z2_f0625.png	0517_動く図解Z2_f0625.png	
0.0	0514_動く図解Z2_f0667.png	0518_動く図解Z2_f0667.png	
0.0	0515_動く図解Z2_f0700.png	0519_動く図解Z2_f0700.png	
0.0	0517_動く図解Z2_f0772.png	0521_動く図解Z2_f0772.png	
0.0	0518_動く図解Z2_f0781.png	0522_動く図解Z2_f0781.png	
0.0	0518_動く図解Z2_f0800.png	0522_動く図解Z2_f0800.png	
0.0	0525_動く図解Z2_f1003.png	0529_動く図解Z2_f1003.png	
0.0	0525_動く図解Z2_f1010.png	0529_動く図解Z2_f1010.png	
0.0	0527_動く図解Z2_f1050.png	0531_動く図解Z2_f1050.png	
0.0	0529_動く図解Z2_f1118.png	0533_動く図解Z2_f1118.png	
0.0	0530_動く図解Z2_f1147.png	0534_動く図解Z2_f1147.png	
0.0	0530_動く図解Z2_f1150.png	0534_動く図解Z2_f1150.png	
0.0	0532_動く図解Z2_f1225.png	0537_動く図解Z2_f1225.png	
0.0	0534_動く図解Z2_f1255.png	0538_動く図解Z2_f1255.png	
0.0	0535_動く図解Z2_f1298.png	0539_動く図解Z2_f1298.png	
0.0	0536_動く図解Z2_f1334.png	0540_動く図解Z2_f1334.png	
0.0	0536_動く図解Z2_f1340.png	0540_動く図解Z2_f1340.png	
0.0	0541_動く図解Z2_f1479.png	0545_動く図解Z2_f1479.png	
0.0	0543_動く図解Z2_f1525.png	0547_動く図解Z2_f1525.png	
0.0	0543_動く図解Z2_f1530.png	0547_動く図解Z2_f1530.png	
0.0	0548_動く図解Z2_f1682.png	0552_動く図解Z2_f1682.png	
0.0	0548_動く図解Z2_f1700.png	0552_動く図解Z2_f1700.png	
0.0	0551_動く図解Z2_f1789.png	0555_動く図解Z2_f1789.png	
0.0	0551_動く図解Z2_後.png	0556_動く図解Z2_後.png	
0.0	0551_動く図解Z2_最後.png	0555_動く図解Z2_最後.png	
0.0	0552_強調_感情_P01_345.png	0556_強調_感情_P01_345.png	
0.0	0622_強調_意味_P08_369.png	0626_強調_意味_P08_369.png	
0.0	0735_強調_意味_P04_431.png	0739_強調_意味_P04_431.png	
0.0	0755_ズーム2_130.png	0759_ズーム2_130.png	
0.0	0755_強調_意味_P01_444.png	0800_強調_意味_P01_444.png	
0.0	0810_問い08_450.png	0814_問い08_450.png	
0.0	0822_強調_意味_P08_457p1.png	0826_強調_意味_P08_457p1.png	
0.0	0831_強調_意味_P01_463.png	0835_強調_意味_P01_463.png	
0.0	0845_強調_意味_P08_506.png	0849_強調_意味_P08_506.png	
0.0	0901_強調_意味_P04_516p1.png	0906_強調_意味_P04_516p1.png	
0.0	0905_切り替え2_前.png	0909_切り替え2_前.png	
0.0	0951_動く図解Z3_f0008.png	0955_動く図解Z3_f0008.png	
0.0	0952_動く図解Z3_f0040.png	0956_動く図解Z3_f0040.png	
0.0	0954_動く図解Z3_f0088.png	0958_動く図解Z3_f0088.png	
0.0	0955_動く図解Z3_f0120.png	0959_動く図解Z3_f0120.png	
0.0	0956_動く図解Z3_f0145.png	1000_動く図解Z3_f0145.png	
0.0	0958_動く図解Z3_f0198.png	1002_動く図解Z3_f0198.png	
0.0	1000_動く図解Z3_f0266.png	1004_動く図解Z3_f0266.png	
0.0	1000_動く図解Z3_f0271.png	1004_動く図解Z3_f0271.png	
0.0	1000_動く図解Z3_f0276.png	1004_動く図解Z3_f0276.png	
0.0	1000_動く図解Z3_f0281.png	1005_動く図解Z3_f0281.png	
0.0	1001_動く図解Z3_f0286.png	1005_動く図解Z3_f0286.png	
0.0	1001_動く図解Z3_f0291.png	1005_動く図解Z3_f0291.png	
0.0	1001_動く図解Z3_f0300.png	1005_動く図解Z3_f0300.png	
0.0	1002_動く図解Z3_f0317.png	1006_動く図解Z3_f0317.png	
0.0	1003_動く図解Z3_f0365.png	1007_動く図解Z3_f0365.png	
0.0	1003_動く図解Z3_f0366.png	1007_動く図解Z3_f0366.png	
0.0	1003_動く図解Z3_f0367.png	1007_動く図解Z3_f0367.png	
0.0	1003_動く図解Z3_f0368.png	1007_動く図解Z3_f0368.png	
0.0	1003_動く図解Z3_f0371.png	1008_動く図解Z3_f0371.png	
0.0	1003_動く図解Z3_f0372.png	1008_動く図解Z3_f0372.png	
0.0	1004_動く図解Z3_f0403.png	1009_動く図解Z3_f0403.png	
0.0	1007_動く図解Z3_f0470.png	1011_動く図解Z3_f0470.png	
0.0	1007_動く図解Z3_f0488.png	1011_動く図解Z3_f0488.png	
0.0	1008_動く図解Z3_f0517.png	1012_動く図解Z3_f0517.png	
0.0	1008_動く図解Z3_f0518.png	1012_動く図解Z3_f0518.png	
0.0	1008_動く図解Z3_f0519.png	1012_動く図解Z3_f0519.png	
0.0	1008_動く図解Z3_f0520.png	1012_動く図解Z3_f0520.png	
0.0	1008_動く図解Z3_f0524.png	1013_動く図解Z3_f0524.png	
0.0	1009_動く図解Z3_f0544.png	1013_動く図解Z3_f0544.png	
0.0	1009_動く図解Z3_f0553.png	1014_動く図解Z3_f0553.png	
0.0	1010_動く図解Z3_f0560.png	1014_動く図解Z3_f0560.png	
0.0	1011_動く図解Z3_f0614.png	1016_動く図解Z3_f0614.png	
0.0	1012_動く図解Z3_f0618.png	1016_動く図解Z3_f0618.png	
0.0	1012_動く図解Z3_f0627.png	1016_動く図解Z3_f0627.png	
0.0	1012_動く図解Z3_f0630.png	1016_動く図解Z3_f0630.png	
0.0	1012_動く図解Z3_f0641.png	1017_動く図解Z3_f0641.png	
0.0	1012_動く図解Z3_f0645.png	1017_動く図解Z3_f0645.png	
0.0	1013_動く図解Z3_f0646.png	1017_動く図解Z3_f0646.png	
0.0	1013_動く図解Z3_f0653.png	1017_動く図解Z3_f0653.png	
0.0	1013_動く図解Z3_f0660.png	1017_動く図解Z3_f0660.png	
0.0	1013_動く図解Z3_f0672.png	1018_動く図解Z3_f0672.png	
0.0	1013_動く図解Z3_最後.png	1018_動く図解Z3_最後.png	
0.0	1025_強調_意味_P01_571.png	1029_強調_意味_P01_571.png	
0.0	1034_強調_感情_P04_575.png	1038_強調_感情_P04_575.png	
0.0	1035_説明_580.png	1039_説明_580.png	
0.0	1048_強調_意味_P08_585.png	1052_強調_意味_P08_585.png	
0.0	1052_代弁2.png	1056_代弁2.png	
0.0	1055_代弁3.png	1059_代弁3.png	
0.0	1109_強調_意味_P01_602.png	1113_強調_意味_P01_602.png	
0.0	1116_強調_感情_P06_606.png	1120_強調_感情_P06_606.png	
0.0	1256_強調_感情_P01_667.png	1301_強調_感情_P01_667.png	
0.0	1331_問い14_694.png	1336_問い14_694.png	
0.0	1337_強調_感情_P01_697.png	1341_強調_感情_P01_697.png	
0.0	1343_ボード2_T028.png	1347_ボード2_T028.png	
0.0	1359_強調_感情_P04_713.png	1404_強調_感情_P04_713.png	
0.0	1401_問い15_714.png	1405_問い15_714.png	
0.0	1403_ズーム3_125.png	1407_ズーム3_125.png	
0.0	1420_強調_意味_P01_757.png	1425_強調_意味_P01_757.png	
0.0	1502_画面と札6.png	1506_画面と札6.png	
0.0	1504_強調_意味_P14_1039.png	1508_強調_意味_P14_1039.png	
0.0	1515_強調_意味_P08_1044p1.png	1519_強調_意味_P08_1044p1.png	
0.0	1522_切り替え3_前.png	1526_切り替え3_前.png	
0.0	1530_ボード3_T189.png	1535_ボード3_T189.png	
0.0	1539_問い22_1067.png	1544_問い22_1067.png	
0.0	1555_強調_感情_P01_1075.png	1600_強調_感情_P01_1075.png	
0.0	1603_問い23_1081.png	1608_問い23_1081.png	
0.0	1608_強調_感情_P01_1084.png	1612_強調_感情_P01_1084.png	
0.0	1617_強調_感情_P06_1089.png	1621_強調_感情_P06_1089.png	
0.0	1643_強調_感情_P04_1102.png	1647_強調_感情_P04_1102.png	
0.0	1712_動く図解Z4_f0002.png	1716_動く図解Z4_f0002.png	
0.0	1712_動く図解Z4_f0008.png	1716_動く図解Z4_f0008.png	
0.0	1712_動く図解Z4_f0011.png	1716_動く図解Z4_f0011.png	
0.0	1712_動く図解Z4_f0020.png	1716_動く図解Z4_f0020.png	
0.0	1712_動く図解Z4_出だし.png	1716_動く図解Z4_出だし.png	
0.0	1713_動く図解Z4_f0041.png	1717_動く図解Z4_f0041.png	
0.0	1713_動く図解Z4_f0045.png	1717_動く図解Z4_f0045.png	
0.0	1715_動く図解Z4_f0100.png	1719_動く図解Z4_f0100.png	
0.0	1716_動く図解Z4_f0120.png	1720_動く図解Z4_f0120.png	
0.0	1717_動く図解Z4_f0175.png	1722_動く図解Z4_f0175.png	
0.0	1718_動く図解Z4_f0198.png	1722_動く図解Z4_f0198.png	
0.0	1718_動く図解Z4_f0199.png	1722_動く図解Z4_f0199.png	
0.0	1718_動く図解Z4_f0204.png	1723_動く図解Z4_f0204.png	
0.0	1718_動く図解Z4_f0206.png	1723_動く図解Z4_f0206.png	
0.0	1718_動く図解Z4_f0207.png	1723_動く図解Z4_f0207.png	
0.0	1719_動く図解Z4_f0208.png	1723_動く図解Z4_f0208.png	
0.0	1719_動く図解Z4_f0212.png	1723_動く図解Z4_f0212.png	
0.0	1719_動く図解Z4_f0216.png	1723_動く図解Z4_f0216.png	
0.0	1719_動く図解Z4_f0222.png	1723_動く図解Z4_f0222.png	
0.0	1719_動く図解Z4_f0226.png	1723_動く図解Z4_f0226.png	
0.0	1719_動く図解Z4_f0230.png	1723_動く図解Z4_f0230.png	
0.0	1719_動く図解Z4_f0235.png	1724_動く図解Z4_f0235.png	
0.0	1719_動く図解Z4_f0236.png	1724_動く図解Z4_f0236.png	
0.0	1720_動く図解Z4_f0240.png	1724_動く図解Z4_f0240.png	
0.0	1720_動く図解Z4_f0248.png	1724_動く図解Z4_f0248.png	
0.0	1720_動く図解Z4_f0252.png	1724_動く図解Z4_f0252.png	
0.0	1721_動く図解Z4_f0293.png	1726_動く図解Z4_f0293.png	
0.0	1721_動く図解Z4_f0297.png	1726_動く図解Z4_f0297.png	
0.0	1722_動く図解Z4_f0300.png	1726_動く図解Z4_f0300.png	
0.0	1723_動く図解Z4_f0333.png	1727_動く図解Z4_f0333.png	
0.0	1723_動く図解Z4_f0337.png	1727_動く図解Z4_f0337.png	
0.0	1723_動く図解Z4_f0341.png	1727_動く図解Z4_f0341.png	
0.0	1723_動く図解Z4_f0343.png	1727_動く図解Z4_f0343.png	
0.0	1723_動く図解Z4_f0345.png	1727_動く図解Z4_f0345.png	
0.0	1723_動く図解Z4_f0347.png	1727_動く図解Z4_f0347.png	
0.0	1723_動く図解Z4_f0349.png	1727_動く図解Z4_f0349.png	
0.0	1723_動く図解Z4_f0353.png	1728_動く図解Z4_f0353.png	
0.0	1723_動く図解Z4_f0355.png	1728_動く図解Z4_f0355.png	
0.0	1723_動く図解Z4_f0357.png	1728_動く図解Z4_f0357.png	
0.0	1724_動く図解Z4_f0359.png	1728_動く図解Z4_f0359.png	
0.0	1724_動く図解Z4_f0361.png	1728_動く図解Z4_f0361.png	
0.0	1724_動く図解Z4_f0363.png	1728_動く図解Z4_f0363.png	
0.0	1724_動く図解Z4_f0364.png	1728_動く図解Z4_f0364.png	
0.0	1724_動く図解Z4_f0365.png	1728_動く図解Z4_f0365.png	
0.0	1724_動く図解Z4_f0367.png	1728_動く図解Z4_f0367.png	
0.0	1724_動く図解Z4_f0369.png	1728_動く図解Z4_f0369.png	
0.0	1724_動く図解Z4_f0371.png	1728_動く図解Z4_f0371.png	
0.0	1724_動く図解Z4_f0372.png	1728_動く図解Z4_f0372.png	
0.0	1724_動く図解Z4_f0375.png	1728_動く図解Z4_f0375.png	
0.0	1725_動く図解Z4_f0400.png	1729_動く図解Z4_f0400.png	
0.0	1726_動く図解Z4_f0427.png	1730_動く図解Z4_f0427.png	
0.0	1726_動く図解Z4_後.png	1730_動く図解Z4_後.png	
0.0	1726_動く図解Z4_最後.png	1730_動く図解Z4_最後.png	
0.0	1752_並列25_1141.png	1757_並列25_1141.png	
0.0	1812_強調_感情_P05_1159.png	1816_強調_感情_P05_1159.png	
0.0	1812_説明_1159.png	1816_説明_1159.png	
0.0	1830_強調_意味_P04_1168p2.png	1834_強調_意味_P04_1168p2.png	
0.0	1855_強調_感情_P01_1188.png	1859_強調_感情_P01_1188.png	
0.0	1934_動く図解Z5_f0008.png	1938_動く図解Z5_f0008.png	
0.0	1934_動く図解Z5_f0019.png	1938_動く図解Z5_f0019.png	
0.0	1934_動く図解Z5_出だし.png	1938_動く図解Z5_出だし.png	
0.0	1936_動く図解Z5_f0060.png	1940_動く図解Z5_f0060.png	
0.0	1937_動く図解Z5_f0088.png	1941_動く図解Z5_f0088.png	
0.0	1938_動く図解Z5_f0135.png	1942_動く図解Z5_f0135.png	
0.0	1939_動く図解Z5_f0150.png	1943_動く図解Z5_f0150.png	
0.0	1940_動く図解Z5_f0193.png	1944_動く図解Z5_f0193.png	
0.0	1943_動く図解Z5_f0279.png	1947_動く図解Z5_f0279.png	
0.0	1944_動く図解Z5_f0300.png	1948_動く図解Z5_f0300.png	
0.0	1946_動く図解Z5_f0383.png	1951_動く図解Z5_f0383.png	
0.0	1947_動く図解Z5_f0390.png	1951_動く図解Z5_f0390.png	
0.0	1948_動く図解Z5_f0420.png	1952_動く図解Z5_f0420.png	
0.0	1948_動く図解Z5_f0441.png	1952_動く図解Z5_f0441.png	
0.0	1949_動く図解Z5_f0470.png	1953_動く図解Z5_f0470.png	
0.0	1952_動く図解Z5_f0540.png	1956_動く図解Z5_f0540.png	
0.0	1952_動く図解Z5_f0545.png	1956_動く図解Z5_f0545.png	
0.0	1953_動く図解Z5_f0574.png	1957_動く図解Z5_f0574.png	
0.0	1954_動く図解Z5_f0600.png	1958_動く図解Z5_f0600.png	
0.0	1954_動く図解Z5_f0621.png	1958_動く図解Z5_f0621.png	
0.0	1955_動く図解Z5_f0642.png	1959_動く図解Z5_f0642.png	
0.0	1956_動く図解Z5_f0660.png	2000_動く図解Z5_f0660.png	
0.0	1957_動く図解Z5_f0704.png	2001_動く図解Z5_f0704.png	
0.0	1958_動く図解Z5_f0720.png	2002_動く図解Z5_f0720.png	
0.0	2001_動く図解Z5_f0829.png	2005_動く図解Z5_f0829.png	
0.0	2002_動く図解Z5_f0850.png	2006_動く図解Z5_f0850.png	
0.0	2004_動く図解Z5_f0922.png	2009_動く図解Z5_f0922.png	
0.0	2005_動く図解Z5_f0940.png	2009_動く図解Z5_f0940.png	
0.0	2009_動く図解Z5_f1048.png	2013_動く図解Z5_f1048.png	
0.0	2009_動く図解Z5_f1060.png	2013_動く図解Z5_f1060.png	
0.0	2010_動く図解Z5_f1082.png	2014_動く図解Z5_f1082.png	
0.0	2010_動く図解Z5_f1100.png	2014_動く図解Z5_f1100.png	
0.0	2012_動く図解Z5_f1150.png	2016_動く図解Z5_f1150.png	
0.0	2012_動く図解Z5_f1165.png	2017_動く図解Z5_f1165.png	
0.0	2014_動く図解Z5_f1211.png	2018_動く図解Z5_f1211.png	
0.0	2014_動く図解Z5_f1215.png	2018_動く図解Z5_f1215.png	
0.0	2015_動く図解Z5_f1238.png	2019_動く図解Z5_f1238.png	
0.0	2015_動く図解Z5_f1241.png	2019_動く図解Z5_f1241.png	
0.0	2015_動く図解Z5_f1244.png	2019_動く図解Z5_f1244.png	
0.0	2015_動く図解Z5_f1246.png	2019_動く図解Z5_f1246.png	
0.0	2015_動く図解Z5_f1250.png	2019_動く図解Z5_f1250.png	
0.0	2016_動く図解Z5_f1270.png	2020_動く図解Z5_f1270.png	
0.0	2017_動く図解Z5_f1290.png	2021_動く図解Z5_f1290.png	
0.0	2017_動く図解Z5_f1301.png	2021_動く図解Z5_f1301.png	
0.0	2017_動く図解Z5_f1305.png	2021_動く図解Z5_f1305.png	
0.0	2018_動く図解Z5_f1340.png	2022_動く図解Z5_f1340.png	
0.0	2020_動く図解Z5_f1378.png	2024_動く図解Z5_f1378.png	
0.0	2020_動く図解Z5_f1385.png	2024_動く図解Z5_f1385.png	
0.0	2020_動く図解Z5_f1400.png	2024_動く図解Z5_f1400.png	
0.0	2021_動く図解Z5_f1428.png	2025_動く図解Z5_f1428.png	
0.0	2021_動く図解Z5_後.png	2026_動く図解Z5_後.png	
0.0	2021_動く図解Z5_最後.png	2025_動く図解Z5_最後.png	
0.0	2053_強調_意味_P01_1249.png	2057_強調_意味_P01_1249.png	
0.0	2101_ズーム4_78.png	2105_ズーム4_78.png	
0.0	2101_強調_感情_P04_1253.png	2105_強調_感情_P04_1253.png	
0.0	2121_問い27_1266.png	2125_問い27_1266.png	
0.0	2127_代弁4.png	2131_代弁4.png	
0.0	2137_代弁5.png	2141_代弁5.png	
0.0	2142_強調_感情_P04_1280.png	2146_強調_感情_P04_1280.png	
0.0	2202_問い28_1298.png	2206_問い28_1298.png	
0.0	2203_強調_意味_P01_1299.png	2207_強調_意味_P01_1299.png	
0.0	2213_問い29_1317.png	2217_問い29_1317.png	
0.0	2223_強調_感情_P05_1323.png	2227_強調_感情_P05_1323.png	
0.0	2244_切り替え4_前.png	2248_切り替え4_前.png	
0.0	2244_切り替え4_後.png	2248_切り替え4_後.png	
0.0	2255_問い30_1364.png	2259_問い30_1364.png	
0.0	2307_強調_意味_P04_1370.png	2311_強調_意味_P04_1370.png	
0.0	2327_強調_意味_P08_1377.png	2331_強調_意味_P08_1377.png	
0.0	2353_動く図解Z6_f0008.png	2357_動く図解Z6_f0008.png	
0.0	2353_動く図解Z6_f0015.png	2357_動く図解Z6_f0015.png	
0.0	2353_動く図解Z6_出だし.png	2357_動く図解Z6_出だし.png	
0.0	2354_動く図解Z6_f0040.png	2358_動く図解Z6_f0040.png	
0.0	2356_動く図解Z6_f0104.png	2400_動く図解Z6_f0104.png	
0.0	2357_動く図解Z6_f0120.png	2401_動く図解Z6_f0120.png	
0.0	2358_動く図解Z6_f0149.png	2402_動く図解Z6_f0149.png	
0.0	2359_動く図解Z6_f0177.png	2403_動く図解Z6_f0177.png	
0.0	2359_動く図解Z6_f0180.png	2403_動く図解Z6_f0180.png	
0.0	2359_動く図解Z6_f0200.png	2404_動く図解Z6_f0200.png	
0.0	2402_動く図解Z6_f0265.png	2406_動く図解Z6_f0265.png	
0.0	2402_動く図解Z6_f0290.png	2407_動く図解Z6_f0290.png	
0.0	2403_動く図解Z6_f0322.png	2408_動く図解Z6_f0322.png	
0.0	2404_動く図解Z6_f0340.png	2408_動く図解Z6_f0340.png	
0.0	2405_動く図解Z6_f0370.png	2409_動く図解Z6_f0370.png	
0.0	2405_動く図解Z6_f0380.png	2410_動く図解Z6_f0380.png	
0.0	2406_動く図解Z6_f0411.png	2411_動く図解Z6_f0411.png	
0.0	2407_動く図解Z6_f0415.png	2411_動く図解Z6_f0415.png	
0.0	2407_動く図解Z6_f0440.png	2412_動く図解Z6_f0440.png	
0.0	2408_動く図解Z6_f0470.png	2413_動く図解Z6_f0470.png	
0.0	2410_動く図解Z6_f0514.png	2414_動く図解Z6_f0514.png	
0.0	2411_動く図解Z6_f0540.png	2415_動く図解Z6_f0540.png	
0.0	2412_動く図解Z6_f0575.png	2416_動く図解Z6_f0575.png	
0.0	2413_動く図解Z6_f0600.png	2417_動く図解Z6_f0600.png	
0.0	2414_動く図解Z6_f0640.png	2418_動く図解Z6_f0640.png	
0.0	2414_動く図解Z6_f0643.png	2418_動く図解Z6_f0643.png	
0.0	2414_動く図解Z6_f0651.png	2419_動く図解Z6_f0651.png	
0.0	2415_動く図解Z6_f0656.png	2419_動く図解Z6_f0656.png	
0.0	2415_動く図解Z6_f0660.png	2419_動く図解Z6_f0660.png	
0.0	2415_動く図解Z6_f0661.png	2419_動く図解Z6_f0661.png	
0.0	2416_動く図解Z6_f0700.png	2420_動く図解Z6_f0700.png	
0.0	2419_動く図解Z6_f0786.png	2423_動く図解Z6_f0786.png	
0.0	2419_動く図解Z6_f0800.png	2424_動く図解Z6_f0800.png	
0.0	2419_動く図解Z6_f0803.png	2424_動く図解Z6_f0803.png	
0.0	2420_動く図解Z6_f0827.png	2424_動く図解Z6_f0827.png	
0.0	2421_動く図解Z6_f0850.png	2425_動く図解Z6_f0850.png	
0.0	2422_動く図解Z6_f0870.png	2426_動く図解Z6_f0870.png	
0.0	2423_動く図解Z6_f0905.png	2427_動く図解Z6_f0905.png	
0.0	2425_動く図解Z6_f0957.png	2429_動く図解Z6_f0957.png	
0.0	2425_動く図解Z6_f0960.png	2429_動く図解Z6_f0960.png	
0.0	2426_動く図解Z6_f0985.png	2430_動く図解Z6_f0985.png	
0.0	2426_動く図解Z6_f0990.png	2430_動く図解Z6_f0990.png	
0.0	2426_動く図解Z6_f1005.png	2430_動く図解Z6_f1005.png	
0.0	2426_動く図解Z6_f1008.png	2431_動く図解Z6_f1008.png	
0.0	2427_動く図解Z6_f1029.png	2431_動く図解Z6_f1029.png	
0.0	2427_動く図解Z6_f1030.png	2431_動く図解Z6_f1030.png	
0.0	2428_動く図解Z6_f1050.png	2432_動く図解Z6_f1050.png	
0.0	2430_動く図解Z6_f1110.png	2434_動く図解Z6_f1110.png	
0.0	2431_動く図解Z6_f1161.png	2436_動く図解Z6_f1161.png	
0.0	2432_動く図解Z6_f1170.png	2436_動く図解Z6_f1170.png	
0.0	2433_動く図解Z6_f1196.png	2437_動く図解Z6_f1196.png	
0.0	2433_動く図解Z6_f1200.png	2437_動く図解Z6_f1200.png	
0.0	2434_動く図解Z6_f1230.png	2438_動く図解Z6_f1230.png	
0.0	2434_動く図解Z6_f1250.png	2439_動く図解Z6_f1250.png	
0.0	2435_動く図解Z6_最後.png	2440_動く図解Z6_最後.png	
0.0	2436_動く図解Z6_f1283.png	2440_動く図解Z6_f1283.png	
0.0	2436_動く図解Z6_後.png	2440_動く図解Z6_後.png	
0.0	2437_代弁6.png	2441_代弁6.png	
0.0	2440_ボード4_T028.png	2444_ボード4_T028.png	
0.0	2512_問い31_1476.png	2516_問い31_1476.png	
0.0	2519_強調_意味_P01_1486.png	2524_強調_意味_P01_1486.png	
0.0	2527_強調_意味_P01_1490.png	2531_強調_意味_P01_1490.png	
0.0	2530_問い33_1492.png	2534_問い33_1492.png	
0.0	2540_強調_意味_P08_1498.png	2544_強調_意味_P08_1498.png	
0.0	2614_強調_意味_P01_1528.png	2618_強調_意味_P01_1528.png	
0.0	2628_強調_意味_P08_1535.png	2632_強調_意味_P08_1535.png	
0.0	2642_並列34_1538.png	2646_並列34_1538.png	
0.0	2657_並列35_1547.png	2702_並列35_1547.png	
0.0	2707_問い36_1560.png	2711_問い36_1560.png	
0.0	2712_動く図解Z7_出だし.png	2717_動く図解Z7_出だし.png	
0.0	2713_動く図解Z7_f0008.png	2717_動く図解Z7_f0008.png	
0.0	2714_動く図解Z7_f0036.png	2718_動く図解Z7_f0036.png	
0.0	2714_動く図解Z7_f0060.png	2719_動く図解Z7_f0060.png	
0.0	2715_動く図解Z7_f0065.png	2719_動く図解Z7_f0065.png	
0.0	2717_動く図解Z7_f0150.png	2722_動く図解Z7_f0150.png	
0.0	2718_動く図解Z7_f0162.png	2722_動く図解Z7_f0162.png	
0.0	2721_動く図解Z7_f0268.png	2725_動く図解Z7_f0268.png	
0.0	2721_動く図解Z7_f0270.png	2726_動く図解Z7_f0270.png	
0.0	2721_動く図解Z7_f0272.png	2726_動く図解Z7_f0272.png	
0.0	2722_動く図解Z7_f0275.png	2726_動く図解Z7_f0275.png	
0.0	2722_動く図解Z7_f0295.png	2726_動く図解Z7_f0295.png	
0.0	2722_動く図解Z7_f0300.png	2727_動く図解Z7_f0300.png	
0.0	2723_動く図解Z7_f0306.png	2727_動く図解Z7_f0306.png	
0.0	2723_動く図解Z7_f0311.png	2727_動く図解Z7_f0311.png	
0.0	2723_動く図解Z7_f0313.png	2727_動く図解Z7_f0313.png	
0.0	2723_動く図解Z7_f0316.png	2727_動く図解Z7_f0316.png	
0.0	2723_動く図解Z7_f0317.png	2727_動く図解Z7_f0317.png	
0.0	2724_動く図解Z7_f0340.png	2728_動く図解Z7_f0340.png	
0.0	2724_動く図解Z7_f0350.png	2728_動く図解Z7_f0350.png	
0.0	2725_動く図解Z7_f0376.png	2729_動く図解Z7_f0376.png	
0.0	2725_動く図解Z7_f0378.png	2729_動く図解Z7_f0378.png	
0.0	2725_動く図解Z7_f0382.png	2729_動く図解Z7_f0382.png	
0.0	2725_動く図解Z7_f0390.png	2730_動く図解Z7_f0390.png	
0.0	2726_動く図解Z7_f0420.png	2731_動く図解Z7_f0420.png	
0.0	2727_動く図解Z7_f0443.png	2731_動く図解Z7_f0443.png	
0.0	2727_動く図解Z7_f0445.png	2731_動く図解Z7_f0445.png	
0.0	2728_動く図解Z7_f0463.png	2732_動く図解Z7_f0463.png	
0.0	2728_動く図解Z7_f0467.png	2732_動く図解Z7_f0467.png	
0.0	2728_動く図解Z7_f0472.png	2732_動く図解Z7_f0472.png	
0.0	2728_動く図解Z7_f0476.png	2732_動く図解Z7_f0476.png	
0.0	2728_動く図解Z7_f0477.png	2732_動く図解Z7_f0477.png	
0.0	2729_動く図解Z7_f0490.png	2733_動く図解Z7_f0490.png	
0.0	2730_動く図解Z7_f0520.png	2734_動く図解Z7_f0520.png	
0.0	2732_動く図解Z7_f0596.png	2736_動く図解Z7_f0596.png	
0.0	2732_動く図解Z7_f0600.png	2737_動く図解Z7_f0600.png	
0.0	2733_動く図解Z7_f0606.png	2737_動く図解Z7_f0606.png	
0.0	2734_動く図解Z7_f0644.png	2738_動く図解Z7_f0644.png	
0.0	2734_動く図解Z7_f0650.png	2738_動く図解Z7_f0650.png	
0.0	2735_動く図解Z7_f0676.png	2739_動く図解Z7_f0676.png	
0.0	2736_動く図解Z7_f0700.png	2740_動く図解Z7_f0700.png	
0.0	2738_動く図解Z7_f0762.png	2742_動く図解Z7_f0762.png	
0.0	2738_動く図解Z7_f0770.png	2742_動く図解Z7_f0770.png	
0.0	2739_動く図解Z7_f0794.png	2743_動く図解Z7_f0794.png	
0.0	2740_動く図解Z7_f0830.png	2744_動く図解Z7_f0830.png	
0.0	2742_動く図解Z7_f0875.png	2746_動く図解Z7_f0875.png	
0.0	2742_動く図解Z7_f0878.png	2746_動く図解Z7_f0878.png	
0.0	2742_動く図解Z7_f0900.png	2747_動く図解Z7_f0900.png	
0.0	2744_動く図解Z7_f0940.png	2748_動く図解Z7_f0940.png	
0.0	2744_動く図解Z7_最後.png	2749_動く図解Z7_最後.png	
0.0	2745_動く図解Z7_後.png	2749_動く図解Z7_後.png	
0.0	2754_強調_意味_P01_1591.png	2758_強調_意味_P01_1591.png	
0.0	2811_問い37_1607.png	2815_問い37_1607.png	
0.0	2828_ズーム5_125.png	2832_ズーム5_125.png	
0.0	2828_強調_感情_P01_1617.png	2832_強調_感情_P01_1617.png	
0.0	2834_強調_意味_P01_1620.png	2838_強調_意味_P01_1620.png	
0.0	2849_強調_感情_P01_821p1.png	2853_強調_感情_P01_821p1.png	
0.0	2850_切り替え5_前.png	2854_切り替え5_前.png	
0.0	2854_強調_意味_P08_830.png	2859_強調_意味_P08_830.png	
0.0	2906_強調_意味_P08_838.png	2910_強調_意味_P08_838.png	
0.0	2928_ボード5_T028.png	2932_ボード5_T028.png	
0.0	2939_強調_感情_P04_877.png	2943_強調_感情_P04_877.png	
0.0	3004_問い19_902.png	3009_問い19_902.png	
0.0	3007_強調_意味_P08_903.png	3011_強調_意味_P08_903.png	
0.0	3013_強調_感情_P01_908.png	3017_強調_感情_P01_908.png	
0.0	3058_強調_感情_P01_936.png	3102_強調_感情_P01_936.png	
0.0	3204_問い21_1005.png	3208_問い21_1005.png	
0.0	3209_強調_意味_P01_1008.png	3214_強調_意味_P01_1008.png	
0.0	3216_強調_意味_P01_1644.png	3220_強調_意味_P01_1644.png	
0.0	3252_強調_意味_P08_1664.png	3256_強調_意味_P08_1664.png	
0.0	3305_強調_意味_P08_1671.png	3309_強調_意味_P08_1671.png	
0.0	3316_強調_意味_P08_1678.png	3320_強調_意味_P08_1678.png	
0.0	3321_強調_感情_P04_1681p1.png	3326_強調_感情_P04_1681p1.png	
0.0	3334_強調_意味_P01_1714.png	3338_強調_意味_P01_1714.png	
0.0	3359_強調_意味_P01_1749.png	3404_強調_意味_P01_1749.png	
0.0	3406_強調_意味_P14_1753.png	3410_強調_意味_P14_1753.png	
0.0	3420_ボード6_T189.png	3424_ボード6_T189.png	
0.0	3438_強調_意味_P03_1770.png	3442_強調_意味_P03_1770.png	
-1.0	0020_つなぎ寄せ1_V8.png		v002 に同じ名前なし
-1.0	0030_画像I12_出だし.png		v002 に同じ名前なし
-1.0	0032_画像I12_途中.png		v002 に同じ名前なし
-1.0	0035_画像I12_後.png		v002 に同じ名前なし
-1.0	0035_画像I12_終わり.png		v002 に同じ名前なし
-1.0	0050_G4_24_もとの頭.png		v002 に同じ名前なし
-1.0	0050_G4_24_カット後.png		v002 に同じ名前なし
-1.0	0104_画像L1_出だし.png		v002 に同じ名前なし
-1.0	0107_画像L1_途中.png		v002 に同じ名前なし
-1.0	0111_画像L1_終わり.png		v002 に同じ名前なし
-1.0	0112_画像L1_後.png		v002 に同じ名前なし
-1.0	0145_v004_サッカー_頭_前.png		v002 に同じ名前なし
-1.0	0146_v004_サッカー_頭_頭.png		v002 に同じ名前なし
-1.0	0232_画像I02_出だし.png		v002 に同じ名前なし
-1.0	0235_画像I02_途中.png		v002 に同じ名前なし
-1.0	0239_画像I02_後.png		v002 に同じ名前なし
-1.0	0239_画像I02_終わり.png		v002 に同じ名前なし
-1.0	0300_v004_強調まず一回_前.png		v002 に同じ名前なし
-1.0	0300_v004_強調まず一回_頭.png		v002 に同じ名前なし
-1.0	0303_v004_3:03切った後_シンプルに_前.png		v002 に同じ名前なし
-1.0	0303_v004_3:03切った後_シンプルに_頭.png		v002 に同じ名前なし
-1.0	0306_v004_3:10_よくスキル_前.png		v002 に同じ名前なし
-1.0	0307_v004_3:10_よくスキル_頭.png		v002 に同じ名前なし
-1.0	0308_G1_f5656_カット前.png		v002 に同じ名前なし
-1.0	0308_G1_f5656_カット後.png		v002 に同じ名前なし
-1.0	0311_G1_f5752_カット前.png		v002 に同じ名前なし
-1.0	0311_G1_f5752_カット後.png		v002 に同じ名前なし
-1.0	0326_G4_157p1_もとの頭.png		v002 に同じ名前なし
-1.0	0326_G4_157p1_カット後.png		v002 に同じ名前なし
-1.0	0332_画像I01_出だし.png		v002 に同じ名前なし
-1.0	0340_画像I01_途中.png		v002 に同じ名前なし
-1.0	0348_画像I01_終わり.png		v002 に同じ名前なし
-1.0	0349_画像I01_後.png		v002 に同じ名前なし
-1.0	0352_G1_f6978_カット前.png		v002 に同じ名前なし
-1.0	0352_G1_f6978_カット後.png		v002 に同じ名前なし
-1.0	0355_つなぎ寄せ5_V9.png		v002 に同じ名前なし
-1.0	0411_G5_247_出ている.png		v002 に同じ名前なし
-1.0	0412_G5_247_消える途中.png		v002 に同じ名前なし
-1.0	0441_赤枠G2_001_265.png		v002 に同じ名前なし
-1.0	0445_赤枠G2_002_269p1.png		v002 に同じ名前なし
-1.0	0556_赤枠G2_003_348.png		v002 に同じ名前なし
-1.0	0603_赤枠G2_004_354.png		v002 に同じ名前なし
-1.0	0605_つなぎ寄せ10_V12.png		v002 に同じ名前なし
-1.0	0606_赤枠G2_005_356.png		v002 に同じ名前なし
-1.0	0608_赤枠G2_006_357.png		v002 に同じ名前なし
-1.0	0630_赤枠G2_007_375.png		v002 に同じ名前なし
-1.0	0631_G5_375_出ている.png		v002 に同じ名前なし
-1.0	0631_G5_375_消える途中.png		v002 に同じ名前なし
-1.0	0645_G5_397_出ている.png		v002 に同じ名前なし
-1.0	0645_赤枠G2_008_397.png		v002 に同じ名前なし
-1.0	0646_G5_397_消える途中.png		v002 に同じ名前なし
-1.0	0646_赤枠G2_009_398.png		v002 に同じ名前なし
-1.0	0700_v004_7:04いい動画_前.png		v002 に同じ名前なし
-1.0	0700_v004_7:04いい動画_頭.png		v002 に同じ名前なし
-1.0	0702_赤枠G2_010_414.png		v002 に同じ名前なし
-1.0	0706_赤枠G2_011_416.png		v002 に同じ名前なし
-1.0	0713_赤枠G2_012_420.png		v002 に同じ名前なし
-1.0	0715_赤枠G2_013_421.png		v002 に同じ名前なし
-1.0	0718_赤枠G2_014_423.png		v002 に同じ名前なし
-1.0	0723_赤枠G2_015_425.png		v002 に同じ名前なし
-1.0	0724_赤枠G2_016_427.png		v002 に同じ名前なし
-1.0	0726_赤枠G2_017_427p1.png		v002 に同じ名前なし
-1.0	0729_赤枠G2_018_428p1.png		v002 に同じ名前なし
-1.0	0730_赤枠G2_019_428p2.png		v002 に同じ名前なし
-1.0	0737_G1_f13704_カット前.png		v002 に同じ名前なし
-1.0	0737_G1_f13704_カット後.png		v002 に同じ名前なし
-1.0	0759_G1_f14380_カット前.png		v002 に同じ名前なし
-1.0	0759_G1_f14380_カット後.png		v002 に同じ名前なし
-1.0	0830_G1_f15297_カット前.png		v002 に同じ名前なし
-1.0	0830_G1_f15297_カット後.png		v002 に同じ名前なし
-1.0	0836_G1_f15478_カット前.png		v002 に同じ名前なし
-1.0	0836_G1_f15478_カット後.png		v002 に同じ名前なし
-1.0	0850_赤枠G2_020_508.png		v002 に同じ名前なし
-1.0	0853_赤枠G2_021_510.png		v002 に同じ名前なし
-1.0	0855_赤枠G2_022_511p1.png		v002 に同じ名前なし
-1.0	0905_赤枠G2_023_521.png		v002 に同じ名前なし
-1.0	0909_赤枠G2_024_522.png		v002 に同じ名前なし
-1.0	0910_赤枠G2_025_524.png		v002 に同じ名前なし
-1.0	0917_赤枠G2_026_527.png		v002 に同じ名前なし
-1.0	0924_赤枠G2_027_530.png		v002 に同じ名前なし
-1.0	0927_赤枠G2_028_532.png		v002 に同じ名前なし
-1.0	0930_赤枠G2_029_533p1.png		v002 に同じ名前なし
-1.0	0931_赤枠G2_030_535.png		v002 に同じ名前なし
-1.0	0948_赤枠G2_031_551.png		v002 に同じ名前なし
-1.0	1014_赤枠G2_032_565.png		v002 に同じ名前なし
-1.0	1017_赤枠G2_033_566.png		v002 に同じ名前なし
-1.0	1034_G1_f19028_カット前.png		v002 に同じ名前なし
-1.0	1034_G1_f19028_カット後.png		v002 に同じ名前なし
-1.0	1108_G1_f20039_カット前.png		v002 に同じ名前なし
-1.0	1108_G1_f20039_カット後.png		v002 に同じ名前なし
-1.0	1111_G1_f20130_カット前.png		v002 に同じ名前なし
-1.0	1111_G1_f20130_カット後.png		v002 に同じ名前なし
-1.0	1117_G1_f20293_カット前.png		v002 に同じ名前なし
-1.0	1117_G1_f20293_カット後.png		v002 に同じ名前なし
-1.0	1120_赤枠G2_034_611p1.png		v002 に同じ名前なし
-1.0	1122_赤枠G2_035_612.png		v002 に同じ名前なし
-1.0	1126_つなぎ寄せ2_V8.png		v002 に同じ名前なし
-1.0	1127_赤枠G2_036_616.png		v002 に同じ名前なし
-1.0	1133_赤枠G2_037_619.png		v002 に同じ名前なし
-1.0	1139_つなぎ寄せ13_V13.png		v002 に同じ名前なし
-1.0	1139_赤枠G2_038_623.png		v002 に同じ名前なし
-1.0	1143_赤枠G2_039_625.png		v002 に同じ名前なし
-1.0	1146_赤枠G2_040_627.png		v002 に同じ名前なし
-1.0	1152_赤枠G2_041_631.png		v002 に同じ名前なし
-1.0	1159_赤枠G2_042_635.png		v002 に同じ名前なし
-1.0	1202_赤枠G2_043_637.png		v002 に同じ名前なし
-1.0	1205_赤枠G2_044_640.png		v002 に同じ名前なし
-1.0	1209_赤枠G2_045_641.png		v002 に同じ名前なし
-1.0	1212_赤枠G2_046_642.png		v002 に同じ名前なし
-1.0	1214_赤枠G2_047_643.png		v002 に同じ名前なし
-1.0	1218_赤枠G2_048_645.png		v002 に同じ名前なし
-1.0	1219_赤枠G2_049_646.png		v002 に同じ名前なし
-1.0	1221_赤枠G2_050_647.png		v002 に同じ名前なし
-1.0	1226_赤枠G2_051_650.png		v002 に同じ名前なし
-1.0	1237_赤枠G2_052_659p1.png		v002 に同じ名前なし
-1.0	1239_赤枠G2_053_661.png		v002 に同じ名前なし
-1.0	1241_赤枠G2_054_662.png		v002 に同じ名前なし
-1.0	1243_赤枠G2_055_663.png		v002 に同じ名前なし
-1.0	1246_赤枠G2_056_664.png		v002 に同じ名前なし
-1.0	1249_赤枠G2_057_665p1.png		v002 に同じ名前なし
-1.0	1252_赤枠G2_058_666.png		v002 に同じ名前なし
-1.0	1257_G1_f23293_カット前.png		v002 に同じ名前なし
-1.0	1257_G1_f23293_カット後.png		v002 に同じ名前なし
-1.0	1309_赤枠G2_059_683.png		v002 に同じ名前なし
-1.0	1312_赤枠G2_060_684.png		v002 に同じ名前なし
-1.0	1314_赤枠G2_061_685.png		v002 に同じ名前なし
-1.0	1316_赤枠G2_062_686.png		v002 に同じ名前なし
-1.0	1318_赤枠G2_063_687.png		v002 に同じ名前なし
-1.0	1323_赤枠G2_064_689.png		v002 に同じ名前なし
-1.0	1327_赤枠G2_065_691.png		v002 に同じ名前なし
-1.0	1400_G1_f25196_カット前.png		v002 に同じ名前なし
-1.0	1400_G1_f25196_カット後.png		v002 に同じ名前なし
-1.0	1403_G1_f25269_カット前.png		v002 に同じ名前なし
-1.0	1403_G1_f25269_カット後.png		v002 に同じ名前なし
-1.0	1404_画像I11_出だし.png		v002 に同じ名前なし
-1.0	1409_画像I11_途中.png		v002 に同じ名前なし
-1.0	1414_画像I11_後.png		v002 に同じ名前なし
-1.0	1414_画像I11_終わり.png		v002 に同じ名前なし
-1.0	1420_G1_f25783_カット前.png		v002 に同じ名前なし
-1.0	1420_G1_f25783_カット後.png		v002 に同じ名前なし
-1.0	1424_赤枠G2_066_760.png		v002 に同じ名前なし
-1.0	1428_赤枠G2_067_762.png		v002 に同じ名前なし
-1.0	1432_赤枠G2_068_764.png		v002 に同じ名前なし
-1.0	1435_赤枠G2_069_766.png		v002 に同じ名前なし
-1.0	1442_赤枠G2_070_770.png		v002 に同じ名前なし
-1.0	1446_赤枠G2_071_772.png		v002 に同じ名前なし
-1.0	1447_赤枠G2_072_773.png		v002 に同じ名前なし
-1.0	1450_つなぎ寄せ15_V14.png		v002 に同じ名前なし
-1.0	1507_G1_f27191_カット前.png		v002 に同じ名前なし
-1.0	1507_G1_f27191_カット後.png		v002 に同じ名前なし
-1.0	1523_赤枠G2_073_1053.png		v002 に同じ名前なし
-1.0	1524_赤枠G2_074_1054.png		v002 に同じ名前なし
-1.0	1539_つなぎ寄せ11_V12.png		v002 に同じ名前なし
-1.0	1539_つなぎ寄せ6_V9.png		v002 に同じ名前なし
-1.0	1555_G1_f28629_カット前.png		v002 に同じ名前なし
-1.0	1555_G1_f28629_カット後.png		v002 に同じ名前なし
-1.0	1644_G1_f30097_カット前.png		v002 に同じ名前なし
-1.0	1644_G1_f30097_カット後.png		v002 に同じ名前なし
-1.0	1647_G4_1105p1_もとの頭.png		v002 に同じ名前なし
-1.0	1647_G4_1105p1_カット後.png		v002 に同じ名前なし
-1.0	1703_赤枠G2_075_1114.png		v002 に同じ名前なし
-1.0	1728_G5_1131_出ている.png		v002 に同じ名前なし
-1.0	1728_赤枠G2_076_1131.png		v002 に同じ名前なし
-1.0	1729_G5_1131_消える途中.png		v002 に同じ名前なし
-1.0	1811_G1_f32726_カット前.png		v002 に同じ名前なし
-1.0	1811_G1_f32726_カット後.png		v002 に同じ名前なし
-1.0	1815_G1_f32821_カット前.png		v002 に同じ名前なし
-1.0	1815_G1_f32821_カット後.png		v002 に同じ名前なし
-1.0	1839_画像I03_出だし.png		v002 に同じ名前なし
-1.0	1847_画像I03_途中.png		v002 に同じ名前なし
-1.0	1854_画像I03_後.png		v002 に同じ名前なし
-1.0	1854_画像I03_終わり.png		v002 に同じ名前なし
-1.0	1856_G1_f34056_カット前.png		v002 に同じ名前なし
-1.0	1856_G1_f34056_カット後.png		v002 に同じ名前なし
-1.0	1900_赤枠G2_077_1193.png		v002 に同じ名前なし
-1.0	1903_赤枠G2_078_1195p1.png		v002 に同じ名前なし
-1.0	1912_赤枠G2_079_1199.png		v002 に同じ名前なし
-1.0	1929_画像I04_出だし.png		v002 に同じ名前なし
-1.0	1931_画像I04_途中.png		v002 に同じ名前なし
-1.0	1933_画像I04_終わり.png		v002 に同じ名前なし
-1.0	1934_画像I04_後.png		v002 に同じ名前なし
-1.0	2021_つなぎ寄せ3_V8.png		v002 に同じ名前なし
-1.0	2052_G1_f37532_カット前.png		v002 に同じ名前なし
-1.0	2052_G1_f37532_カット後.png		v002 に同じ名前なし
-1.0	2055_G1_f37625_カット前.png		v002 に同じ名前なし
-1.0	2055_G1_f37625_カット後.png		v002 に同じ名前なし
-1.0	2100_G1_f37782_強調の前_1253.png		v002 に同じ名前なし
-1.0	2100_G1_f37782_強調の頭_1253.png		v002 に同じ名前なし
-1.0	2103_G1_f37859_カット前.png		v002 に同じ名前なし
-1.0	2103_G1_f37859_カット後.png		v002 に同じ名前なし
-1.0	2106_画像I05_出だし.png		v002 に同じ名前なし
-1.0	2111_画像I05_途中.png		v002 に同じ名前なし
-1.0	2112_並列画像26_1257.png		v002 に同じ名前なし
-1.0	2117_画像I05_終わり.png		v002 に同じ名前なし
-1.0	2118_画像I05_後.png		v002 に同じ名前なし
-1.0	2144_G1_f39090_カット前.png		v002 に同じ名前なし
-1.0	2144_G1_f39090_カット後.png		v002 に同じ名前なし
-1.0	2146_赤枠G2_080_1288.png		v002 に同じ名前なし
-1.0	2149_赤枠G2_081_1289.png		v002 に同じ名前なし
-1.0	2153_赤枠G2_082_1292.png		v002 に同じ名前なし
-1.0	2157_赤枠G2_083_1294.png		v002 に同じ名前なし
-1.0	2202_G1_f39635_強調の前_1299.png		v002 に同じ名前なし
-1.0	2202_G1_f39635_強調の頭_1299.png		v002 に同じ名前なし
-1.0	2212_つなぎ寄せ7_V9.png		v002 に同じ名前なし
-1.0	2217_画像I06_出だし.png		v002 に同じ名前なし
-1.0	2219_画像I06_途中.png		v002 に同じ名前なし
-1.0	2222_画像I06_後.png		v002 に同じ名前なし
-1.0	2222_画像I06_終わり.png		v002 に同じ名前なし
-1.0	2224_G1_f40289_カット前.png		v002 に同じ名前なし
-1.0	2224_G1_f40289_カット後.png		v002 に同じ名前なし
-1.0	2229_G4_1336p1_もとの頭.png		v002 に同じ名前なし
-1.0	2229_G4_1336p1_カット後.png		v002 に同じ名前なし
-1.0	2233_赤枠G2_084_1345.png		v002 に同じ名前なし
-1.0	2243_G4_1352_もとの頭.png		v002 に同じ名前なし
-1.0	2243_G4_1352_カット後.png		v002 に同じ名前なし
-1.0	2245_赤枠G2_085_1353p1.png		v002 に同じ名前なし
-1.0	2249_赤枠G2_086_1356.png		v002 に同じ名前なし
-1.0	2308_G1_f41625_カット前.png		v002 に同じ名前なし
-1.0	2308_G1_f41625_カット後.png		v002 に同じ名前なし
-1.0	2342_画像I07_出だし.png		v002 に同じ名前なし
-1.0	2343_画像I07_途中.png		v002 に同じ名前なし
-1.0	2345_画像I07_後.png		v002 に同じ名前なし
-1.0	2345_画像I07_終わり.png		v002 に同じ名前なし
-1.0	2439_つなぎ寄せ9_V10.png		v002 に同じ名前なし
-1.0	2445_赤枠G2_087_1464.png		v002 に同じ名前なし
-1.0	2447_赤枠G2_088_1465.png		v002 に同じ名前なし
-1.0	2450_赤枠G2_089_1466.png		v002 に同じ名前なし
-1.0	2452_赤枠G2_090_1467p1.png		v002 に同じ名前なし
-1.0	2454_赤枠G2_091_1467p2.png		v002 に同じ名前なし
-1.0	2456_赤枠G2_092_1468.png		v002 に同じ名前なし
-1.0	2458_赤枠G2_093_1468p1.png		v002 に同じ名前なし
-1.0	2500_赤枠G2_094_1469.png		v002 に同じ名前なし
-1.0	2501_赤枠G2_095_1470.png		v002 に同じ名前なし
-1.0	2504_赤枠G2_096_1471.png		v002 に同じ名前なし
-1.0	2505_赤枠G2_097_1472.png		v002 に同じ名前なし
-1.0	2519_G1_f45532_カット前.png		v002 に同じ名前なし
-1.0	2519_G1_f45532_カット後.png		v002 に同じ名前なし
-1.0	2521_G4_1487_カット後.png		v002 に同じ名前なし
-1.0	2522_G4_1487_もとの頭.png		v002 に同じ名前なし
-1.0	2524_G4_1489_もとの頭.png		v002 に同じ名前なし
-1.0	2524_G4_1489_カット後.png		v002 に同じ名前なし
-1.0	2529_G1_f45841_カット前.png		v002 に同じ名前なし
-1.0	2529_G1_f45841_カット後.png		v002 に同じ名前なし
-1.0	2545_赤枠G2_098_1501.png		v002 に同じ名前なし
-1.0	2549_赤枠G2_099_1507.png		v002 に同じ名前なし
-1.0	2558_赤枠G2_100_1510.png		v002 に同じ名前なし
-1.0	2616_赤枠G2_101_1529.png		v002 に同じ名前なし
-1.0	2620_赤枠G2_102_1531.png		v002 に同じ名前なし
-1.0	2648_赤枠G2_103_1544.png		v002 に同じ名前なし
-1.0	2651_つなぎ寄せ12_V12.png		v002 に同じ名前なし
-1.0	2652_赤枠G2_104_1547.png		v002 に同じ名前なし
-1.0	2655_赤枠G2_105_1548.png		v002 に同じ名前なし
-1.0	2659_赤枠G2_106_1551.png		v002 に同じ名前なし
-1.0	2704_赤枠G2_107_1554.png		v002 に同じ名前なし
-1.0	2712_G4_1563_もとの頭.png		v002 に同じ名前なし
-1.0	2712_G4_1563_カット後.png		v002 に同じ名前なし
-1.0	2754_G1_f50173_カット前.png		v002 に同じ名前なし
-1.0	2754_G1_f50173_カット後.png		v002 に同じ名前なし
-1.0	2755_G1_f50225_カット前.png		v002 に同じ名前なし
-1.0	2755_G1_f50225_カット後.png		v002 に同じ名前なし
-1.0	2802_画像I10_出だし.png		v002 に同じ名前なし
-1.0	2806_画像I10_途中.png		v002 に同じ名前なし
-1.0	2810_画像I10_後.png		v002 に同じ名前なし
-1.0	2810_画像I10_終わり.png		v002 に同じ名前なし
-1.0	2834_G1_f51373_カット前.png		v002 に同じ名前なし
-1.0	2834_G1_f51373_カット後.png		v002 に同じ名前なし
-1.0	2850_赤枠G2_108_827.png		v002 に同じ名前なし
-1.0	2911_つなぎ寄せ14_V13.png		v002 に同じ名前なし
-1.0	2912_赤枠G2_109_850.png		v002 に同じ名前なし
-1.0	2914_赤枠G2_110_851.png		v002 に同じ名前なし
-1.0	2921_つなぎ寄せ8_V9.png		v002 に同じ名前なし
-1.0	2941_G1_f53399_カット前.png		v002 に同じ名前なし
-1.0	2941_G1_f53399_カット後.png		v002 に同じ名前なし
-1.0	2951_赤枠G2_111_893.png		v002 に同じ名前なし
-1.0	2953_赤枠G2_112_894.png		v002 に同じ名前なし
-1.0	2955_赤枠G2_113_895.png		v002 に同じ名前なし
-1.0	2956_赤枠G2_114_897.png		v002 に同じ名前なし
-1.0	2959_赤枠G2_115_898p1.png		v002 に同じ名前なし
-1.0	3001_赤枠G2_116_899.png		v002 に同じ名前なし
-1.0	3014_G1_f54382_カット前.png		v002 に同じ名前なし
-1.0	3014_G1_f54382_カット後.png		v002 に同じ名前なし
-1.0	3018_赤枠G2_117_913.png		v002 に同じ名前なし
-1.0	3021_赤枠G2_118_914.png		v002 に同じ名前なし
-1.0	3022_赤枠G2_119_916.png		v002 に同じ名前なし
-1.0	3024_赤枠G2_120_917.png		v002 に同じ名前なし
-1.0	3028_赤枠G2_121_919.png		v002 に同じ名前なし
-1.0	3033_赤枠G2_122_922.png		v002 に同じ名前なし
-1.0	3036_赤枠G2_123_924.png		v002 に同じ名前なし
-1.0	3038_赤枠G2_124_924p1.png		v002 に同じ名前なし
-1.0	3042_赤枠G2_125_926.png		v002 に同じ名前なし
-1.0	3044_つなぎ寄せ4_V8.png		v002 に同じ名前なし
-1.0	3045_赤枠G2_126_927p1.png		v002 に同じ名前なし
-1.0	3051_赤枠G2_127_932.png		v002 に同じ名前なし
-1.0	3053_赤枠G2_128_933.png		v002 に同じ名前なし
-1.0	3100_赤枠G2_129_937.png		v002 に同じ名前なし
-1.0	3106_赤枠G2_130_945.png		v002 に同じ名前なし
-1.0	3112_G5_949_出ている.png		v002 に同じ名前なし
-1.0	3112_赤枠G2_131_949.png		v002 に同じ名前なし
-1.0	3113_G5_949_消える途中.png		v002 に同じ名前なし
-1.0	3125_赤枠G2_132_955.png		v002 に同じ名前なし
-1.0	3128_赤枠G2_133_957.png		v002 に同じ名前なし
-1.0	3133_赤枠G2_134_977p1.png		v002 に同じ名前なし
-1.0	3135_赤枠G2_135_981.png		v002 に同じ名前なし
-1.0	3138_赤枠G2_136_982p1.png		v002 に同じ名前なし
-1.0	3140_赤枠G2_137_983.png		v002 に同じ名前なし
-1.0	3141_赤枠G2_138_984p1.png		v002 に同じ名前なし
-1.0	3146_赤枠G2_139_986p1.png		v002 に同じ名前なし
-1.0	3148_赤枠G2_140_987.png		v002 に同じ名前なし
-1.0	3152_赤枠G2_141_994p1.png		v002 に同じ名前なし
-1.0	3153_赤枠G2_142_996.png		v002 に同じ名前なし
-1.0	3211_G1_f57900_カット前.png		v002 に同じ名前なし
-1.0	3211_G1_f57900_カット後.png		v002 に同じ名前なし
-1.0	3223_画像I08_出だし.png		v002 に同じ名前なし
-1.0	3227_画像I08_途中.png		v002 に同じ名前なし
-1.0	3231_G4_1656p1_もとの頭.png		v002 に同じ名前なし
-1.0	3231_G4_1656p1_カット後.png		v002 に同じ名前なし
-1.0	3231_画像I08_後.png		v002 に同じ名前なし
-1.0	3231_画像I08_終わり.png		v002 に同じ名前なし
-1.0	3321_G1_f59972_カット前.png		v002 に同じ名前なし
-1.0	3321_G1_f59972_カット後.png		v002 に同じ名前なし
-1.0	3328_画像I09_出だし.png		v002 に同じ名前なし
-1.0	3330_画像I09_途中.png		v002 に同じ名前なし
-1.0	3331_画像I09_終わり.png		v002 に同じ名前なし
-1.0	3332_画像I09_後.png		v002 に同じ名前なし
-1.0	3337_G1_f60461_カット前.png		v002 に同じ名前なし
-1.0	3337_G1_f60461_カット後.png		v002 に同じ名前なし
-1.0	3343_画像I13_出だし.png		v002 に同じ名前なし
-1.0	3345_画像I13_途中.png		v002 に同じ名前なし
-1.0	3347_画像I13_終わり.png		v002 に同じ名前なし
-1.0	3348_画像I13_後.png		v002 に同じ名前なし
-1.0	3351_画像I14_出だし.png		v002 に同じ名前なし
-1.0	3354_画像I14_途中.png		v002 に同じ名前なし
-1.0	3357_画像I14_後.png		v002 に同じ名前なし
-1.0	3357_画像I14_終わり.png		v002 に同じ名前なし
-1.0	3410_赤枠G2_143_1755.png		v002 に同じ名前なし
-1.0	3415_赤枠G2_144_1757.png		v002 に同じ名前なし
-1.0	3417_赤枠G2_145_1759.png		v002 に同じ名前なし
-1.0	3442_G1_f62424_カット前.png		v002 に同じ名前なし
-1.0	3442_G1_f62424_カット後.png		v002 に同じ名前なし
